<book>
<book-name>ΠΕΤΡΟΥ Β</book-name>

<verse>2 Peter 1:1</verse>
<note>1:1 Συμεὼν Treg NA28 RP ] Σιμων WH</note>

<verse>2 Peter 1:3</verse>
<note>3 ἰδίᾳ δόξῃ καὶ ἀρετῇ Treg NA28 ] διὰ δόξης καὶ ἀρετῆς WH RP</note>

<verse>2 Peter 1:4</verse>
<note>4 τίμια καὶ μέγιστα ἡμῖν WH NA28 ] μέγιστα καὶ τίμια ἡμῖν Treg; τίμια ἡμῖν καὶ μέγιστα RP </note>
<note>• τῷ WH Treg NA28 ] – RP</note>

<verse>2 Peter 1:9</verse>
<note>9 ἁμαρτημάτων Treg ] ἁμαρτιῶν WH NA28 RP</note>

<verse>2 Peter 1:12</verse>
<note>12 μελλήσω WH Treg NA28 ] οὐκ ἀμελήσω RP</note>

<verse>2 Peter 1:17</verse>
<note>17 Ὁ υἱός μου ὁ ἀγαπητός μου οὗτός ἐστιν WH NA28 ] οὗτός ἐστιν ὁ υἱός μου ὁ ἀγαπητός Treg RP</note>

<verse>2 Peter 1:18</verse>
<note>18 ἁγίῳ ὄρει WH Treg NA28 ] ὄρει τῷ ἁγίῳ RP</note>

<verse>2 Peter 1:21</verse>
<note>21 προφητεία ποτέ WH Treg NA28 ] ποτὲ προφητεία RP </note>
<note>• ἀπὸ WH NA28 ] ἅγιοι Treg RP</note>

<verse>2 Peter 2:3</verse>
<note>2:3 νυστάζει WH Treg NA28 ] νυστάξει RP</note>

<verse>2 Peter 2:4</verse>
<note>4 σειραῖς RP NA28 ] σιροις WH Treg NIV </note>

<verse>2 Peter 2:6</verse>
<note>6 καταστροφῇ Treg NA28 RP ] – WH NIV </note>
<note>• ἀσεβέσιν WH NA27 ] ἀσεβεῖν Treg NA28 RP</note>

<verse>2 Peter 2:8</verse>
<note>8 ὁ Treg NA28 RP ] – WH</note>

<verse>2 Peter 2:11</verse>
<note>11 αὐτῶν Holmes WHmarg ] + παρὰ κυρίῳ WH Treg NA28 RP; + παρὰ κυρίου NA27 </note>

<verse>2 Peter 2:12</verse>
<note>12 γεγεννημένα φυσικὰ WH Treg NA28 ] φυσικὰ γεγενημένα RP </note>
<note>• καὶ φθαρήσονται WH Treg NA28 ] καταφθαρήσονται RP</note>

<verse>2 Peter 2:13</verse>
<note>13 ἀδικούμενοι WH NA28 ] κομιούμενοι Treg RP </note>
<note>• ἀπάταις WH NA28 RP ] ἀγάπαις Treg</note>

<verse>2 Peter 2:14</verse>
<note>14 ἀκαταπαύστους Treg NA28 RP ] ἀκαταπάστους WH</note>

<verse>2 Peter 2:15</verse>
<note>15 καταλιπόντες Treg NA28 RP ] καταλείποντες WH NA27 </note>
<note>• Βοσὸρ Treg RP NA28 ] Βεὼρ WH NIV</note>

<verse>2 Peter 2:17</verse>
<note>17 καὶ ὁμίχλαι WH Treg NA28 ] νεφέλαι RP </note>
<note>• σκότους WH Treg NA28 ] + εἰς αἰῶνα RP</note>

<verse>2 Peter 2:18</verse>
<note>18 ὀλίγως WH Treg NA27 ] ὄντως NA28 RP </note>
<note>• ἀποφεύγοντας WH Treg NA28 ] ἀποφυγόντας RP</note>

<verse>2 Peter 2:19</verse>
<note>19 καὶ Treg RP ] – WH NA28</note>

<verse>2 Peter 2:20</verse>
<note>20 κυρίου WH Treg NA28 RP ] + ἡμῶν NA27</note>

<verse>2 Peter 2:21</verse>
<note>21 ὑποστρέψαι WH Treg NA28 ] ἐπιστρέψαι RP</note>

<verse>2 Peter 2:22</verse>
<note>22 συμβέβηκεν WH Treg NA28 ] + δὲ RP </note>
<note>• κυλισμὸν WH Treg NA28 ] κύλισμα RP</note>

<verse>2 Peter 3:3</verse>
<note>3:3 ἐσχάτων WH Treg NA28 ] ἐσχάτου RP </note>
<note>• ἐν ἐμπαιγμονῇ WH Treg NA28 ] – RP</note>

<verse>2 Peter 3:6</verse>
<note>6 διʼ ὧν WH Treg NA27 RP ] διʼ ὃν NA28</note>

<verse>2 Peter 3:7</verse>
<note>7 αὐτῷ WH NA28 ] αὐτοῦ Treg RP</note>

<verse>2 Peter 3:9</verse>
<note>9 κύριος WH Treg NA28 ] ὁ κύριος RP </note>
<note>• ὑμᾶς WH Treg NA28 ] ἡμᾶς RP</note>

<verse>2 Peter 3:10</verse>
<note>10 ἡμέρα WH Treg NA28 ] ἡ ἡμέρα RP </note>
<note>• κλέπτης WH Treg NA28 ] + ἐν νυκτί RP </note>
<note>• λυθήσεται WH Treg NA28 ] λυθήσονται RP </note>
<note>• εὑρεθήσεται WH Treg NA27 ] κατακαήσεται RP; οὐχ εὑρεθήσεται em NA28 </note>

<verse>2 Peter 3:11</verse>
<note>11 οὕτως WH NA28 ] οὖν Treg RP</note>

<verse>2 Peter 3:15</verse>
<note>15 δοθεῖσαν αὐτῷ WH Treg NA28 ] αὐτῷ δοθεῖσαν RP</note>

<verse>2 Peter 3:16</verse>
<note>16 ταῖς NA28 RP ] – WH Treg NA27 </note>
<note>• αἷς WH Treg NA28 ] οἷς RP </note>
<note>• στρεβλοῦσιν WH Treg NA27 RP ] στρεβλώσουσιν NA28</note>

<verse>2 Peter 3:18</verse>
<note>18 ἀμήν Treg NA27 RP ] – WH NA28</note>
</book>
