<?xml version="1.0" encoding="UTF-8"?>
<!-- Copyright C.V.Kimball 2013 -->
<Tanach xmlns:xsi="http://www.w3.org/2001/XMLSchema-instance" xsi:noNamespaceSchemaLocation="../XSL/Tanach.xsd">
<teiHeader>
  <fileDesc>
    <titleStmt>
      <title level="s" type="uniform">Tanach</title>
      <title level="s" type="uniformhebrew">תנ״ך</title>
      <title level="s" type="main">Unicode/XML Leningrad Codex</title>
      <title level="a" type="main">Lamentations</title>
      <title level="a" type="mainhebrew">איכה</title>
      <title level="a" type="filename">Lamentations</title>
      <editor>Shemu'el ben Ya'akov</editor>
      <editor>Aharon ben-Mosheh ben-Asher</editor>
      <respStmt>
        <resp>Publisher:</resp>
        <name>Christopher V. Kimball</name>
        <name type="email">mail@cvkimball.com</name>
      </respStmt>
    </titleStmt>
    <editionStmt>
      <edition>Unicode/XML Leningrad Codex (UXLC)
        <version>UXLC 2.0</version>
        <date>19 Oct 2023</date>
        <build>27.1</build>
        <buildDateTime>19 Oct 2023  00:00</buildDateTime>
      </edition>
<respStmt>
<resp>WLC2XML[21 Apr 2023] - Transcription from Michigan-Claremont encoding to Unicode with XML markings. See details in notes.</resp>
<resp>ScanReplace/EditWLC[30 Dec 2020] - Edits/removes transcription notes; removes MDs.</resp>
<resp>ScanReplace/InsertCGJs[29 Dec 2020] - Places CGJ in Jerusalem VUV words and leading metegs.</resp>
<resp>Updater[15 Sep 2023] - Changes.xml file dated 2020.02.19 . </resp>
<resp>Updater[15 Sep 2023] - Changes.xml file dated 2020.10.19 . </resp>
<resp>Updater[15 Sep 2023] - Changes.xml file dated 2021.04.01 . </resp>
<resp>Updater[15 Sep 2023] - Changes.xml file dated 2021.10.19 . </resp>
<resp>Updater[15 Sep 2023] - Changes.xml file dated 2022.04.01 . </resp>
<resp>Updater[15 Sep 2023] - Changes.xml file dated 2022.07.04 . </resp>
<resp>Updater[15 Sep 2023] - Changes.xml file dated 2022.10.19 . </resp>
<resp>Updater[15 Sep 2023] - Changes.xml file dated 2022.12.07 . </resp>
<resp>Updater[15 Sep 2023] - Changes.xml file dated 2023.04.01 . </resp>
<resp>Updater[15 Sep 2023] - Changes.xml file dated 2023.07.04 . </resp>
<resp>Updater[15 Sep 2023] - Changes.xml file dated 2023.10.19 . </resp>
</respStmt>
    </editionStmt>
    <extent>65820</extent>
    <publicationStmt>
      <distributor>Via web site:
        <name>Christopher V. Kimball</name>
        <name type="url">https://tanach.us/Tanach.xml</name>
        <name type="email">mail@cvkimball.com</name>
      </distributor>
      <availability status="free">Freely available</availability>
    </publicationStmt>
    <notesStmt>
      <note>The original text file wlc420_ps.txt was provided by the Groves Center. 
The file has the MD5 hash: d31a 6a6e 9afa bf82 272c 2efb 0522 a12e 
and was dated 25 Jan 2016. Six transcription notes (5,7,F) have been moved to the noted character (Lev 11:42.4, Judg 18:30.11, Isa 9.6.1, Ps 80:14.3, Job 38:13.5, Job 38:15.2) to produce the file wlc420_ps_td.txt for conversion to Unicode and XML by the program WLC2XML. The only other changes to the Groves Center text are: The book names in English and Hebrew of the Jewish Publication Society Tanach and book abbreviations from the New Revised Standard Version have been added. MC code 32 added as atnah hafukh by Steve Salisbury, 30 Sep 2021. The atnah hafukh codepoint, x05a2, has been added to the character table; it does not appear in WLC 4.20. </note>
    <correction>
<citation>1:4.13</citation>
<description>Examine all dageshes on this word. Add note 't'.</description>
<author>Daniel Holman</author>
<filedate>2023.10.19</filedate>
<date>2023.09.11</date>
<n>7</n>
</correction>
<correction>
<citation>1:11.4</citation>
<description>Remove dagesh from qof. </description>
<author>Daniel Holman</author>
<filedate>2023.10.19</filedate>
<date>2023.09.11</date>
<n>8</n>
</correction>
<correction>
<citation>1:12.7</citation>
<description>Change revia above alef to zaqef qatan.</description>
<author>Daniel Holman</author>
<filedate>2023.10.19</filedate>
<date>2023.09.11</date>
<n>9</n>
</correction>
<correction>
<citation>2:21.10</citation>
<description>Move pashta over resh to over gimel.</description>
<author>Daniel Holman</author>
<filedate>2023.10.19</filedate>
<date>2023.09.11</date>
<n>10</n>
</correction>
<correction>
<citation>3:25.3</citation>
<description>Move holam to qof.</description>
<author>Ben Denckla</author>
<filedate>2020.10.19</filedate>
<date>2020.08.31</date>
<n>2</n>
</correction>
<correction>
<citation>3:33.4</citation>
<description>Remove dagesh (לּ)</description>
<author>Stephen Salisbury</author>
<filedate>2020.10.19</filedate>
<date>2020.07.31</date>
<n>1</n>
</correction>
<correction>
<citation>3:33.6</citation>
<description>Note a possible dagesh in bet ( בּ) but do not add dagesh, add transcription note t.</description>
<author>Yishai Glasner</author>
<filedate>2020.10.19</filedate>
<date>2020.07.31</date>
<n>2</n>
</correction>
<correction>
<citation>4:4.5</citation>
<description>Add hiriq to het, add note 't'.</description>
<author>Zev Farkas</author>
<filedate>2021.04.01</filedate>
<date>2021.01.05</date>
<n>1</n>
</correction>
<correction>
<citation>4:7.3</citation>
<description>Examine segol under the shin as a possible qamats. Add note 't'.</description>
<author>Daniel Holman</author>
<filedate>2023.10.19</filedate>
<date>2023.09.11</date>
<n>11</n>
</correction>
</notesStmt>
    <sourceDesc>
      <biblItem>
        <title>Hebrew Bible</title>
        <title>Leningrad Codex</title>
        <editor>Shemu'el ben Ya'akov</editor>
        <editor>Aharon ben-Mosheh ben-Asher</editor>
        <edition>Original document</edition>
        <imprint>
          <publisher>Russian National Library (Saltykov-Shchedrin)</publisher>
          <pubPlace>St. Petersburg (Leningrad)</pubPlace>
          <date>1008</date>
        </imprint>
        <idno type="Accession">Firkovich B 19 A</idno>
      </biblItem>
      <biblItem>
        <title>The Leningrad Codex - A Facsimile Edition</title>
        <editor>Freedman, David Noel</editor>
        <editor>Beck, Astrid B.</editor>
        <edition>First</edition>
        <imprint>
          <publisher>Wm. B. Eerdmans Publishing Co.</publisher>
          <pubPlace>Grand Rapids, MI</pubPlace>
          <date>1998</date>
        </imprint>
        <idno type="IBSN">0-8028-3786-7</idno>
      </biblItem>
      <biblItem>
        <title>The Westminster Leningrad Codex</title>
        <editor>Salisbury, Stephen K.</editor>
        <edition>WLC 4.20</edition>
        <imprint>
          <publisher>The J. Alan Groves Center for Advanced Biblical Research ("Groves Center").</publisher>
          <pubPlace>2960 Church Rd.</pubPlace>
          <pubPlace>Glenside, PA 19038</pubPlace>
          <date>25 January 2016</date>
        </imprint>
        <idno type="Unknown"/>
      </biblItem>
    </sourceDesc>
  </fileDesc>
  <encodingDesc>
  </encodingDesc>
  <profileDesc>
    <creation>From WLC 4.20 provided by the Groves Center.</creation>
    <date>25 Jan 2016</date>
    <langUsage>
      <language ident="HE">Hebrew</language>
    </langUsage>
  </profileDesc>
</teiHeader>
<tanach>
  <book>
    <names>
      <name>Lamentations</name>
      <abbrev>Lam</abbrev>
      <number>32</number>
      <filename>Lamentations</filename>
      <hebrewname>איכה</hebrewname>
    </names>
    <c n="1">
      <v n="1">
        <w>אֵיכָ֣ה ׀</w>
        <w>יָשְׁבָ֣ה</w>
        <w>בָדָ֗ד</w>
        <w>הָעִיר֙</w>
        <w>רַבָּ֣תִי</w>
        <w>עָ֔ם</w>
        <w>הָיְתָ֖ה</w>
        <w>כְּאַלְמָנָ֑ה</w>
        <w>רַּבָּ֣תִי</w>
        <w>בַגּוֹיִ֗ם</w>
        <w>שָׂרָ֙תִי֙</w>
        <w>בַּמְּדִינ֔וֹת</w>
        <w>הָיְתָ֖ה</w>
        <w>לָמַֽס׃</w>
        <samekh/>
      </v>
      <v n="2">
        <w>בָּכ֨וֹ</w>
        <w>תִבְכֶּ֜ה</w>
        <w>בַּלַּ֗יְלָה</w>
        <w>וְדִמְעָתָהּ֙</w>
        <w>עַ֣ל</w>
        <w>לֶֽחֱיָ֔הּ</w>
        <w>אֵֽין־</w>
        <w>לָ֥הּ</w>
        <w>מְנַחֵ֖ם</w>
        <w>מִכָּל־</w>
        <w>אֹהֲבֶ֑יהָ</w>
        <w>כָּל־</w>
        <w>רֵעֶ֙יהָ֙</w>
        <w>בָּ֣גְדוּ</w>
        <w>בָ֔הּ</w>
        <w>הָ֥יוּ</w>
        <w>לָ֖הּ</w>
        <w>לְאֹיְבִֽים׃</w>
        <samekh/>
      </v>
      <v n="3">
        <w>גָּֽלְתָ֨ה</w>
        <w>יְהוּדָ֤ה</w>
        <w>מֵעֹ֙נִי֙</w>
        <w>וּמֵרֹ֣ב</w>
        <w>עֲבֹדָ֔ה</w>
        <w>הִ֚יא</w>
        <w>יָשְׁבָ֣ה</w>
        <w>בַגּוֹיִ֔ם</w>
        <w>לֹ֥א</w>
        <w>מָצְאָ֖ה</w>
        <w>מָנ֑וֹחַ</w>
        <w>כָּל־</w>
        <w>רֹדְפֶ֥יהָ</w>
        <w>הִשִּׂיג֖וּהָ</w>
        <w>בֵּ֥ין</w>
        <w>הַמְּצָרִֽים׃</w>
        <samekh/>
      </v>
      <v n="4">
        <w>דַּרְכֵ֨י</w>
        <w>צִיּ֜וֹן</w>
        <w>אֲבֵל֗וֹת</w>
        <w>מִבְּלִי֙</w>
        <w>בָּאֵ֣י</w>
        <w>מוֹעֵ֔ד</w>
        <w>כָּל־</w>
        <w>שְׁעָרֶ֙יהָ֙</w>
        <w>שֽׁוֹמֵמִ֔ין</w>
        <w>כֹּהֲנֶ֖יהָ</w>
        <w>נֶאֱנָחִ֑ים</w>
        <w>בְּתוּלֹתֶ֥יהָ</w>
        <w>נּ<x>t</x>וּג֖וֹת</w>
        <w>וְהִ֥יא</w>
        <w>מַר־</w>
        <w>לָֽהּ׃</w>
        <samekh/>
      </v>
      <v n="5">
        <w>הָי֨וּ</w>
        <w>צָרֶ֤יהָ</w>
        <w>לְרֹאשׁ֙</w>
        <w>אֹיְבֶ֣יהָ</w>
        <w>שָׁל֔וּ</w>
        <w>כִּֽי־</w>
        <w>יְהוָ֥ה</w>
        <w>הוֹגָ֖הּ</w>
        <w>עַ֣ל</w>
        <w>רֹב־</w>
        <w>פְּשָׁעֶ֑יהָ</w>
        <w>עוֹלָלֶ֛יהָ</w>
        <w>הָלְכ֥וּ</w>
        <w>שְׁבִ֖י</w>
        <w>לִפְנֵי־</w>
        <w>צָֽר׃</w>
        <samekh/>
      </v>
      <v n="6">
        <w>וַיֵּצֵ֥א</w>
        <k>מן־</k>
        <k>בת־</k>
        <q>מִבַּת־</q>
        <w>צִיּ֖וֹן</w>
        <w>כָּל־</w>
        <w>הֲדָרָ֑הּ</w>
        <w>הָי֣וּ</w>
        <w>שָׂרֶ֗יהָ</w>
        <w>כְּאַיָּלִים֙</w>
        <w>לֹא־</w>
        <w>מָצְא֣וּ</w>
        <w>מִרְעֶ֔ה</w>
        <w>וַיֵּלְכ֥וּ</w>
        <w>בְלֹא־</w>
        <w>כֹ֖חַ</w>
        <w>לִפְנֵ֥י</w>
        <w>רוֹדֵֽף׃</w>
        <samekh/>
      </v>
      <v n="7">
        <w>זָֽכְרָ֣ה</w>
        <w>יְרוּשָׁלִַ֗ם</w>
        <w>יְמֵ֤י</w>
        <w>עָנְיָהּ֙</w>
        <w>וּמְרוּדֶ֔יהָ</w>
        <w>כֹּ֚ל</w>
        <w>מַחֲמֻדֶ֔יהָ</w>
        <w>אֲשֶׁ֥ר</w>
        <w>הָי֖וּ</w>
        <w>מִ֣ימֵי</w>
        <w>קֶ֑דֶם</w>
        <w>בִּנְפֹ֧ל</w>
        <w>עַמָּ֣הּ</w>
        <w>בְּיַד־</w>
        <w>צָ֗ר</w>
        <w>וְאֵ֤ין</w>
        <w>עוֹזֵר֙</w>
        <w>לָ֔הּ</w>
        <w>רָא֣וּהָ</w>
        <w>צָרִ֔ים</w>
        <w>שָׂחֲק֖וּ</w>
        <w>עַ֥ל</w>
        <w>מִשְׁבַּתֶּֽהָ׃</w>
        <samekh/>
      </v>
      <v n="8">
        <w>חֵ֤טְא</w>
        <w>חָֽטְאָה֙</w>
        <w>יְר֣וּשָׁלִַ֔ם</w>
        <w>עַל־</w>
        <w>כֵּ֖ן</w>
        <w>לְנִידָ֣ה</w>
        <w>הָיָ֑תָה</w>
        <w>כָּֽל־</w>
        <w>מְכַבְּדֶ֤יהָ</w>
        <w>הִזִּיל֙וּהָ֙</w>
        <w>כִּי־</w>
        <w>רָא֣וּ</w>
        <w>עֶרְוָתָ֔הּ</w>
        <w>גַּם־</w>
        <w>הִ֥יא</w>
        <w>נֶאֶנְחָ֖ה</w>
        <w>וַתָּ֥שָׁב</w>
        <w>אָחֽוֹר׃</w>
        <samekh/>
      </v>
      <v n="9">
        <w>טֻמְאָתָ֣הּ</w>
        <w>בְּשׁוּלֶ֗יהָ</w>
        <w>לֹ֤א</w>
        <w>זָֽכְרָה֙</w>
        <w>אַחֲרִיתָ֔הּ</w>
        <w>וַתֵּ֣רֶד</w>
        <w>פְּלָאִ֔ים</w>
        <w>אֵ֥ין</w>
        <w>מְנַחֵ֖ם</w>
        <w>לָ֑הּ</w>
        <w>רְאֵ֤ה</w>
        <w>יְהוָה֙</w>
        <w>אֶת־</w>
        <w>עָנְיִ֔י</w>
        <w>כִּ֥י</w>
        <w>הִגְדִּ֖יל</w>
        <w>אוֹיֵֽב׃</w>
        <samekh/>
      </v>
      <v n="10">
        <w>יָדוֹ֙</w>
        <w>פָּ֣רַשׂ</w>
        <w>צָ֔ר</w>
        <w>עַ֖ל</w>
        <w>כָּל־</w>
        <w>מַחֲמַדֶּ֑יהָ</w>
        <w>כִּֽי־</w>
        <w>רָאֲתָ֤ה</w>
        <w>גוֹיִם֙</w>
        <w>בָּ֣אוּ</w>
        <w>מִקְדָּשָׁ֔הּ</w>
        <w>אֲשֶׁ֣ר</w>
        <w>צִוִּ֔יתָה</w>
        <w>לֹא־</w>
        <w>יָבֹ֥אוּ</w>
        <w>בַקָּהָ֖ל</w>
        <w>לָֽךְ׃</w>
        <samekh/>
      </v>
      <v n="11">
        <w>כָּל־</w>
        <w>עַמָּ֤הּ</w>
        <w>נֶאֱנָחִים֙</w>
        <w>מְבַקְשִׁ֣ים</w>
        <w>לֶ֔חֶם</w>
        <w>נָתְנ֧וּ</w>
        <k>מחמודיהם</k>
        <q>מַחֲמַדֵּיהֶ֛ם</q>
        <w>בְּאֹ֖כֶל</w>
        <w>לְהָשִׁ֣יב</w>
        <w>נָ֑פֶשׁ</w>
        <w>רְאֵ֤ה</w>
        <w>יְהוָה֙</w>
        <w>וְֽהַבִּ֔יטָה</w>
        <w>כִּ֥י</w>
        <w>הָיִ֖יתִי</w>
        <w>זוֹלֵלָֽה׃</w>
        <samekh/>
      </v>
      <v n="12">
        <w>ל֣וֹא</w>
        <w>אֲלֵיכֶם֮</w>
        <w>כָּל־</w>
        <w>עֹ֣בְרֵי</w>
        <w>דֶרֶךְ֒</w>
        <w>הַבִּ֣יטוּ</w>
        <w>וּרְא֔וּ</w>
        <w>אִם־</w>
        <w>יֵ֤שׁ</w>
        <w>מַכְאוֹב֙</w>
        <w>כְּמַכְאֹבִ֔י</w>
        <w>אֲשֶׁ֥ר</w>
        <w>עוֹלַ֖ל</w>
        <w>לִ֑י</w>
        <w>אֲשֶׁר֙</w>
        <w>הוֹגָ֣ה</w>
        <w>יְהוָ֔ה</w>
        <w>בְּי֖וֹם</w>
        <w>חֲר֥וֹן</w>
        <w>אַפּֽוֹ׃</w>
        <samekh/>
      </v>
      <v n="13">
        <w>מִמָּר֛וֹם</w>
        <w>שָֽׁלַח־</w>
        <w>אֵ֥שׁ</w>
        <w>בְּעַצְמֹתַ֖י</w>
        <w>וַיִּרְדֶּ֑נָּה</w>
        <w>פָּרַ֨שׂ</w>
        <w>רֶ֤שֶׁת</w>
        <w>לְרַגְלַי֙</w>
        <w>הֱשִׁיבַ֣נִי</w>
        <w>אָח֔וֹר</w>
        <w>נְתָנַ֙נִי֙</w>
        <w>שֹֽׁמֵמָ֔ה</w>
        <w>כָּל־</w>
        <w>הַיּ֖וֹם</w>
        <w>דָּוָֽה׃</w>
        <samekh/>
      </v>
      <v n="14">
        <w>נִשְׂקַד֩</w>
        <w>עֹ֨ל</w>
        <w>פְּשָׁעַ֜י</w>
        <w>בְּיָד֗וֹ</w>
        <w>יִשְׂתָּֽרְג֛וּ</w>
        <w>עָל֥וּ</w>
        <w>עַל־</w>
        <w>צַוָּארִ֖י</w>
        <w>הִכְשִׁ֣יל</w>
        <w>כֹּחִ֑י</w>
        <w>נְתָנַ֣נִי</w>
        <w>אֲדֹנָ֔י</w>
        <w>בִּידֵ֖י</w>
        <w>לֹא־</w>
        <w>אוּכַ֥ל</w>
        <w>קֽוּם׃</w>
        <samekh/>
      </v>
      <v n="15">
        <w>סִלָּ֨ה</w>
        <w>כָל־</w>
        <w>אַבִּירַ֤י ׀</w>
        <w>אֲדֹנָי֙</w>
        <w>בְּקִרְבִּ֔י</w>
        <w>קָרָ֥א</w>
        <w>עָלַ֛י</w>
        <w>מוֹעֵ֖ד</w>
        <w>לִשְׁבֹּ֣ר</w>
        <w>בַּחוּרָ֑י</w>
        <w>גַּ֚ת</w>
        <w>דָּרַ֣ךְ</w>
        <w>אֲדֹנָ֔י</w>
        <w>לִבְתוּלַ֖ת</w>
        <w>בַּת־</w>
        <w>יְהוּדָֽה׃</w>
        <samekh/>
      </v>
      <v n="16">
        <w>עַל־</w>
        <w>אֵ֣לֶּה ׀</w>
        <w>אֲנִ֣י</w>
        <w>בוֹכִיָּ֗ה</w>
        <w>עֵינִ֤י ׀</w>
        <w>עֵינִי֙</w>
        <w>יֹ֣רְדָה</w>
        <w>מַּ֔יִם</w>
        <w>כִּֽי־</w>
        <w>רָחַ֥ק</w>
        <w>מִמֶּ֛נִּי</w>
        <w>מְנַחֵ֖ם</w>
        <w>מֵשִׁ֣יב</w>
        <w>נַפְשִׁ֑י</w>
        <w>הָי֤וּ</w>
        <w>בָנַי֙</w>
        <w>שֽׁוֹמֵמִ֔ים</w>
        <w>כִּ֥י</w>
        <w>גָבַ֖ר</w>
        <w>אוֹיֵֽב׃</w>
        <samekh/>
      </v>
      <v n="17">
        <w>פֵּֽרְשָׂ֨ה</w>
        <w>צִיּ֜וֹן</w>
        <w>בְּיָדֶ֗יהָ</w>
        <w>אֵ֤ין</w>
        <w>מְנַחֵם֙</w>
        <w>לָ֔הּ</w>
        <w>צִוָּ֧ה</w>
        <w>יְהוָ֛ה</w>
        <w>לְיַעֲקֹ֖ב</w>
        <w>סְבִיבָ֣יו</w>
        <w>צָרָ֑יו</w>
        <w>הָיְתָ֧ה</w>
        <w>יְרוּשָׁלַ֛͏ִם</w>
        <w>לְנִדָּ֖ה</w>
        <w>בֵּינֵיהֶֽם׃</w>
        <samekh/>
      </v>
      <v n="18">
        <w>צַדִּ֥יק</w>
        <w>ה֛וּא</w>
        <w>יְהוָ֖ה</w>
        <w>כִּ֣י</w>
        <w>פִ֣יהוּ</w>
        <w>מָרִ֑יתִי</w>
        <w>שִׁמְעוּ־</w>
        <w>נָ֣א</w>
        <w>כָל־</w>
        <k>עמים</k>
        <q>הָֽעַמִּ֗ים</q>
        <w>וּרְאוּ֙</w>
        <w>מַכְאֹבִ֔י</w>
        <w>בְּתוּלֹתַ֥י</w>
        <w>וּבַחוּרַ֖י</w>
        <w>הָלְכ֥וּ</w>
        <w>בַשֶּֽׁבִי׃</w>
        <samekh/>
      </v>
      <v n="19">
        <w>קָרָ֤אתִי</w>
        <w>לַֽמְאַהֲבַי֙</w>
        <w>הֵ֣מָּה</w>
        <w>רִמּ֔וּנִי</w>
        <w>כֹּהֲנַ֥י</w>
        <w>וּזְקֵנַ֖י</w>
        <w>בָּעִ֣יר</w>
        <w>גָּוָ֑עוּ</w>
        <w>כִּֽי־</w>
        <w>בִקְשׁ֥וּ</w>
        <w>אֹ֙כֶל֙</w>
        <w>לָ֔מוֹ</w>
        <w>וְיָשִׁ֖יבוּ</w>
        <w>אֶת־</w>
        <w>נַפְשָֽׁם׃</w>
        <samekh/>
      </v>
      <v n="20">
        <w>רְאֵ֨ה</w>
        <w>יְהוָ֤ה</w>
        <w>כִּֽי־</w>
        <w>צַר־</w>
        <w>לִי֙</w>
        <w>מֵעַ֣י</w>
        <w>חֳמַרְמָ֔רוּ</w>
        <w>נֶהְפַּ֤ךְ</w>
        <w>לִבִּי֙</w>
        <w>בְּקִרְבִּ֔י</w>
        <w>כִּ֥י</w>
        <w>מָר֖וֹ</w>
        <w>מָרִ֑יתִי</w>
        <w>מִח֥וּץ</w>
        <w>שִׁכְּלָה־</w>
        <w>חֶ֖רֶב</w>
        <w>בַּבַּ֥יִת</w>
        <w>כַּמָּֽוֶת׃</w>
        <samekh/>
      </v>
      <v n="21">
        <w>שָׁמְע֞וּ</w>
        <w>כִּ֧י</w>
        <w>נֶאֱנָחָ֣ה</w>
        <w>אָ֗נִי</w>
        <w>אֵ֤ין</w>
        <w>מְנַחֵם֙</w>
        <w>לִ֔י</w>
        <w>כָּל־</w>
        <w>אֹ֨יְבַ֜י</w>
        <w>שָׁמְע֤וּ</w>
        <w>רָֽעָתִי֙</w>
        <w>שָׂ֔שׂוּ</w>
        <w>כִּ֥י</w>
        <w>אַתָּ֖ה</w>
        <w>עָשִׂ֑יתָ</w>
        <w>הֵבֵ֥אתָ</w>
        <w>יוֹם־</w>
        <w>קָרָ֖אתָ</w>
        <w>וְיִֽהְי֥וּ</w>
        <w>כָמֽוֹנִי׃</w>
        <samekh/>
      </v>
      <v n="22">
        <w>תָּבֹ֨א</w>
        <w>כָל־</w>
        <w>רָעָתָ֤ם</w>
        <w>לְפָנֶ֙יךָ֙</w>
        <w>וְעוֹלֵ֣ל</w>
        <w>לָ֔מוֹ</w>
        <w>כַּאֲשֶׁ֥ר</w>
        <w>עוֹלַ֛לְתָּ</w>
        <w>לִ֖י</w>
        <w>עַ֣ל</w>
        <w>כָּל־</w>
        <w>פְּשָׁעָ֑י</w>
        <w>כִּֽי־</w>
        <w>רַבּ֥וֹת</w>
        <w>אַנְחֹתַ֖י</w>
        <w>וְלִבִּ֥י</w>
        <w>דַוָּֽי׃</w>
        <pe/>
      </v>
      <vs>22</vs>
    </c>
    <c n="2">
      <v n="1">
        <w>אֵיכָה֩</w>
        <w>יָעִ֨יב</w>
        <w>בְּאַפּ֤וֹ ׀</w>
        <w>אֲדֹנָי֙</w>
        <w>אֶת־</w>
        <w>בַּת־</w>
        <w>צִיּ֔וֹן</w>
        <w>הִשְׁלִ֤יךְ</w>
        <w>מִשָּׁמַ֙יִם֙</w>
        <w>אֶ֔רֶץ</w>
        <w>תִּפְאֶ֖רֶת</w>
        <w>יִשְׂרָאֵ֑ל</w>
        <w>וְלֹא־</w>
        <w>זָכַ֥ר</w>
        <w>הֲדֹם־</w>
        <w>רַגְלָ֖יו</w>
        <w>בְּי֥וֹם</w>
        <w>אַפּֽוֹ׃</w>
        <samekh/>
      </v>
      <v n="2">
        <w>בִּלַּ֨ע</w>
        <w>אֲדֹנָ֜י</w>
        <k>לא</k>
        <q>וְלֹ֣א</q>
        <w>חָמַ֗ל</w>
        <w>אֵ֚ת</w>
        <w>כָּל־</w>
        <w>נְא֣וֹת</w>
        <w>יַעֲקֹ֔ב</w>
        <w>הָרַ֧ס</w>
        <w>בְּעֶבְרָת֛וֹ</w>
        <w>מִבְצְרֵ֥י</w>
        <w>בַת־</w>
        <w>יְהוּדָ֖ה</w>
        <w>הִגִּ֣יעַ</w>
        <w>לָאָ֑רֶץ</w>
        <w>חִלֵּ֥ל</w>
        <w>מַמְלָכָ֖ה</w>
        <w>וְשָׂרֶֽיהָ׃</w>
        <samekh/>
      </v>
      <v n="3">
        <w>גָּדַ֣ע</w>
        <w>בָּֽחֳרִי</w>
        <w>אַ֗ף</w>
        <w>כֹּ֚ל</w>
        <w>קֶ֣רֶן</w>
        <w>יִשְׂרָאֵ֔ל</w>
        <w>הֵשִׁ֥יב</w>
        <w>אָח֛וֹר</w>
        <w>יְמִינ֖וֹ</w>
        <w>מִפְּנֵ֣י</w>
        <w>אוֹיֵ֑ב</w>
        <w>וַיִּבְעַ֤ר</w>
        <w>בְּיַעֲקֹב֙</w>
        <w>כְּאֵ֣שׁ</w>
        <w>לֶֽהָבָ֔ה</w>
        <w>אָכְלָ֖ה</w>
        <w>סָבִֽיב׃</w>
        <samekh/>
      </v>
      <v n="4">
        <w>דָּרַ֨ךְ</w>
        <w>קַשְׁתּ֜וֹ</w>
        <w>כְּאוֹיֵ֗ב</w>
        <w>נִצָּ֤ב</w>
        <w>יְמִינוֹ֙</w>
        <w>כְּצָ֔ר</w>
        <w>וַֽיַּהֲרֹ֔ג</w>
        <w>כֹּ֖ל</w>
        <w>מַחֲמַדֵּי־</w>
        <w>עָ֑יִן</w>
        <w>בְּאֹ֙הֶל֙</w>
        <w>בַּת־</w>
        <w>צִיּ֔וֹן</w>
        <w>שָׁפַ֥ךְ</w>
        <w>כָּאֵ֖שׁ</w>
        <w>חֲמָתֽוֹ׃</w>
        <samekh/>
      </v>
      <v n="5">
        <w>הָיָ֨ה</w>
        <w>אֲדֹנָ֤י ׀</w>
        <w>כְּאוֹיֵב֙</w>
        <w>בִּלַּ֣ע</w>
        <w>יִשְׂרָאֵ֔ל</w>
        <w>בִּלַּע֙</w>
        <w>כָּל־</w>
        <w>אַרְמְנוֹתֶ֔יהָ</w>
        <w>שִׁחֵ֖ת</w>
        <w>מִבְצָרָ֑יו</w>
        <w>וַיֶּ֙רֶב֙</w>
        <w>בְּבַת־</w>
        <w>יְהוּדָ֔ה</w>
        <w>תַּאֲנִיָּ֖ה</w>
        <w>וַאֲנִיָּֽה׃</w>
        <samekh/>
      </v>
      <v n="6">
        <w>וַיַּחְמֹ֤ס</w>
        <w>כַּגַּן֙</w>
        <w>שֻׂכּ֔וֹ</w>
        <w>שִׁחֵ֖ת</w>
        <w>מוֹעֲד֑וֹ</w>
        <w>שִׁכַּ֨ח</w>
        <w>יְהוָ֤ה ׀</w>
        <w>בְּצִיּוֹן֙</w>
        <w>מוֹעֵ֣ד</w>
        <w>וְשַׁבָּ֔ת</w>
        <w>וַיִּנְאַ֥ץ</w>
        <w>בְּזַֽעַם־</w>
        <w>אַפּ֖וֹ</w>
        <w>מֶ֥לֶךְ</w>
        <w>וְכֹהֵֽן׃</w>
        <samekh/>
      </v>
      <v n="7">
        <w>זָנַ֨ח</w>
        <w>אֲדֹנָ֤י ׀</w>
        <w>מִזְבְּחוֹ֙</w>
        <w>נִאֵ֣ר</w>
        <w>מִקְדָּשׁ֔וֹ</w>
        <w>הִסְגִּיר֙</w>
        <w>בְּיַד־</w>
        <w>אוֹיֵ֔ב</w>
        <w>חוֹמֹ֖ת</w>
        <w>אַרְמְנוֹתֶ֑יהָ</w>
        <w>ק֛וֹל</w>
        <w>נָתְנ֥וּ</w>
        <w>בְּבֵית־</w>
        <w>יְהוָ֖ה</w>
        <w>כְּי֥וֹם</w>
        <w>מוֹעֵֽד׃</w>
        <samekh/>
      </v>
      <v n="8">
        <w>חָשַׁ֨ב</w>
        <w>יְהוָ֤ה ׀</w>
        <w>לְהַשְׁחִית֙</w>
        <w>חוֹמַ֣ת</w>
        <w>בַּת־</w>
        <w>צִיּ֔וֹן</w>
        <w>נָ֣טָה</w>
        <w>קָ֔ו</w>
        <w>לֹא־</w>
        <w>הֵשִׁ֥יב</w>
        <w>יָד֖וֹ</w>
        <w>מִבַּלֵּ֑עַ</w>
        <w>וַיּֽ͏ַאֲבֶל־</w>
        <w>חֵ֥ל</w>
        <w>וְחוֹמָ֖ה</w>
        <w>יַחְדָּ֥ו</w>
        <w>אֻמְלָֽלוּ׃</w>
        <samekh/>
      </v>
      <v n="9">
        <w>טָבְע֤וּ</w>
        <w>בָאָ֙רֶץ֙</w>
        <w>שְׁעָרֶ֔יהָ</w>
        <w>אִבַּ֥ד</w>
        <w>וְשִׁבַּ֖ר</w>
        <w>בְּרִיחֶ֑יהָ</w>
        <w>מַלְכָּ֨הּ</w>
        <w>וְשָׂרֶ֤יהָ</w>
        <w>בַגּוֹיִם֙</w>
        <w>אֵ֣ין</w>
        <w>תּוֹרָ֔ה</w>
        <w>גַּם־</w>
        <w>נְבִיאֶ֕יהָ</w>
        <w>לֹא־</w>
        <w>מָצְא֥וּ</w>
        <w>חָז֖וֹן</w>
        <w>מֵיְהוָֽה׃</w>
        <samekh/>
      </v>
      <v n="10">
        <w>יֵשְׁב֨וּ</w>
        <w>לָאָ֤רֶץ</w>
        <w>יִדְּמוּ֙</w>
        <w>זִקְנֵ֣י</w>
        <w>בַת־</w>
        <w>צִיּ֔וֹן</w>
        <w>הֶֽעֱל֤וּ</w>
        <w>עָפָר֙</w>
        <w>עַל־</w>
        <w>רֹאשָׁ֔ם</w>
        <w>חָגְר֖וּ</w>
        <w>שַׂקִּ֑ים</w>
        <w>הוֹרִ֤ידוּ</w>
        <w>לָאָ֙רֶץ֙</w>
        <w>רֹאשָׁ֔ן</w>
        <w>בְּתוּלֹ֖ת</w>
        <w>יְרוּשָׁלָֽ͏ִם׃</w>
        <samekh/>
      </v>
      <v n="11">
        <w>כָּל֨וּ</w>
        <w>בַדְּמָע֤וֹת</w>
        <w>עֵינַי֙</w>
        <w>חֳמַרְמְר֣וּ</w>
        <w>מֵעַ֔י</w>
        <w>נִשְׁפַּ֤ךְ</w>
        <w>לָאָ֙רֶץ֙</w>
        <w>כְּבֵדִ֔י</w>
        <w>עַל־</w>
        <w>שֶׁ֖בֶר</w>
        <w>בַּת־</w>
        <w>עַמִּ֑י</w>
        <w>בֵּֽעָטֵ֤ף</w>
        <w>עוֹלֵל֙</w>
        <w>וְיוֹנֵ֔ק</w>
        <w>בִּרְחֹב֖וֹת</w>
        <w>קִרְיָֽה׃</w>
        <samekh/>
      </v>
      <v n="12">
        <w>לְאִמֹּתָם֙</w>
        <w>יֹֽאמְר֔וּ</w>
        <w>אַיֵּ֖ה</w>
        <w>דָּגָ֣ן</w>
        <w>וָיָ֑יִן</w>
        <w>בְּהִֽתְעַטְּפָ֤ם</w>
        <w>כֶּֽחָלָל֙</w>
        <w>בִּרְחֹב֣וֹת</w>
        <w>עִ֔יר</w>
        <w>בְּהִשְׁתַּפֵּ֣ךְ</w>
        <w>נַפְשָׁ֔ם</w>
        <w>אֶל־</w>
        <w>חֵ֖יק</w>
        <w>אִמֹּתָֽם׃</w>
        <samekh/>
      </v>
      <v n="13">
        <w>מָֽה־</w>
        <w>אֲעִידֵ֞ךְ</w>
        <w>מָ֣ה</w>
        <w>אֲדַמֶּה־</w>
        <w>לָּ֗ךְ</w>
        <w>הַבַּת֙</w>
        <w>יְר֣וּשָׁלִַ֔ם</w>
        <w>מָ֤ה</w>
        <w>אַשְׁוֶה־</w>
        <w>לָּךְ֙</w>
        <w>וַאֲנַֽחֲמֵ֔ךְ</w>
        <w>בְּתוּלַ֖ת</w>
        <w>בַּת־</w>
        <w>צִיּ֑וֹן</w>
        <w>כִּֽי־</w>
        <w>גָד֥וֹל</w>
        <w>כַּיָּ֛ם</w>
        <w>שִׁבְרֵ֖ךְ</w>
        <w>מִ֥י</w>
        <w>יִרְפָּא־</w>
        <w>לָֽךְ׃</w>
        <samekh/>
      </v>
      <v n="14">
        <w>נְבִיאַ֗יִךְ</w>
        <w>חָ֤זוּ</w>
        <w>לָךְ֙</w>
        <w>שָׁ֣וְא</w>
        <w>וְתָפֵ֔ל</w>
        <w>וְלֹֽא־</w>
        <w>גִלּ֥וּ</w>
        <w>עַל־</w>
        <w>עֲוֺנֵ֖ךְ</w>
        <w>לְהָשִׁ֣יב</w>
        <k>שביתך</k>
        <q>שְׁבוּתֵ֑ךְ</q>
        <w>וַיֶּ֣חֱזוּ</w>
        <w>לָ֔ךְ</w>
        <w>מַשְׂא֥וֹת</w>
        <w>שָׁ֖וְא</w>
        <w>וּמַדּוּחִֽים׃</w>
        <samekh/>
      </v>
      <v n="15">
        <w>סָֽפְק֨וּ</w>
        <w>עָלַ֤יִךְ</w>
        <w>כַּפַּ֙יִם֙</w>
        <w>כָּל־</w>
        <w>עֹ֣בְרֵי</w>
        <w>דֶ֔רֶךְ</w>
        <w>שָֽׁרְקוּ֙</w>
        <w>וַיָּנִ֣עוּ</w>
        <w>רֹאשָׁ֔ם</w>
        <w>עַל־</w>
        <w>בַּ֖ת</w>
        <w>יְרוּשָׁלָ֑͏ִם</w>
        <w>הֲזֹ֣את</w>
        <w>הָעִ֗יר</w>
        <w>שֶׁיֹּֽאמְרוּ֙</w>
        <w>כְּלִ֣ילַת</w>
        <w>יֹ֔פִי</w>
        <w>מָשׂ֖וֹשׂ</w>
        <w>לְכָל־</w>
        <w>הָאָֽרֶץ׃</w>
        <samekh/>
      </v>
      <v n="16">
        <w>פָּצ֨וּ</w>
        <w>עָלַ֤יִךְ</w>
        <w>פִּיהֶם֙</w>
        <w>כָּל־</w>
        <w>א֣וֹיְבַ֔יִךְ</w>
        <w>שָֽׁרְקוּ֙</w>
        <w>וַיַּֽחַרְקוּ־</w>
        <w>שֵׁ֔ן</w>
        <w>אָמְר֖וּ</w>
        <w>בִּלָּ֑עְנוּ</w>
        <w>אַ֣ךְ</w>
        <w>זֶ֥ה</w>
        <w>הַיּ֛וֹם</w>
        <w>שֶׁקִּוִּינֻ֖הוּ</w>
        <w>מָצָ֥אנוּ</w>
        <w>רָאִֽינוּ׃</w>
        <samekh/>
      </v>
      <v n="17">
        <w>עָשָׂ֨ה</w>
        <w>יְהוָ֜ה</w>
        <w>אֲשֶׁ֣ר</w>
        <w>זָמָ֗ם</w>
        <w>בִּצַּ֤ע</w>
        <w>אֶמְרָתוֹ֙</w>
        <w>אֲשֶׁ֣ר</w>
        <w>צִוָּ֣ה</w>
        <w>מִֽימֵי־</w>
        <w>קֶ֔דֶם</w>
        <w>הָרַ֖ס</w>
        <w>וְלֹ֣א</w>
        <w>חָמָ֑ל</w>
        <w>וַיְשַׂמַּ֤ח</w>
        <w>עָלַ֙יִךְ֙</w>
        <w>אוֹיֵ֔ב</w>
        <w>הֵרִ֖ים</w>
        <w>קֶ֥רֶן</w>
        <w>צָרָֽיִךְ׃</w>
        <samekh/>
      </v>
      <v n="18">
        <w>צָעַ֥ק</w>
        <w>לִבָּ֖ם</w>
        <w>אֶל־</w>
        <w>אֲדֹנָ֑י</w>
        <w>חוֹמַ֣ת</w>
        <w>בַּת־</w>
        <w>צִ֠יּוֹן</w>
        <w>הוֹרִ֨ידִי</w>
        <w>כַנַּ֤חַל</w>
        <w>דִּמְעָה֙</w>
        <w>יוֹמָ֣ם</w>
        <w>וָלַ֔יְלָה</w>
        <w>אַֽל־</w>
        <w>תִּתְּנִ֤י</w>
        <w>פוּגַת֙</w>
        <w>לָ֔ךְ</w>
        <w>אַל־</w>
        <w>תִּדֹּ֖ם</w>
        <w>בַּת־</w>
        <w>עֵינֵֽךְ׃</w>
        <samekh/>
      </v>
      <v n="19">
        <w>ק֣וּמִי ׀</w>
        <w>רֹ֣נִּי</w>
        <k>בליל</k>
        <q>בַלַּ֗יְלָה</q>
        <w>לְרֹאשׁ֙</w>
        <w>אַשְׁמֻר֔וֹת</w>
        <w>שִׁפְכִ֤י</w>
        <w>כַמַּ֙יִם֙</w>
        <w>לִבֵּ֔ךְ</w>
        <w>נֹ֖כַח</w>
        <w>פְּנֵ֣י</w>
        <w>אֲדֹנָ֑י</w>
        <w>שְׂאִ֧י</w>
        <w>אֵלָ֣יו</w>
        <w>כַּפַּ֗יִךְ</w>
        <w>עַל־</w>
        <w>נֶ֙פֶשׁ֙</w>
        <w>עֽוֹלָלַ֔יִךְ</w>
        <w>הָעֲטוּפִ֥ים</w>
        <w>בְּרָעָ֖ב</w>
        <w>בְּרֹ֥אשׁ</w>
        <w>כָּל־</w>
        <w>חוּצֽוֹת׃</w>
        <samekh/>
      </v>
      <v n="20">
        <w>רְאֵ֤ה</w>
        <w>יְהוָה֙</w>
        <w>וְֽהַבִּ֔יטָה</w>
        <w>לְמִ֖י</w>
        <w>עוֹלַ֣לְתָּ</w>
        <w>כֹּ֑ה</w>
        <w>אִם־</w>
        <w>תֹּאכַ֨לְנָה</w>
        <w>נָשִׁ֤ים</w>
        <w>פִּרְיָם֙</w>
        <w>עֹלֲלֵ֣י</w>
        <w>טִפֻּחִ֔ים</w>
        <w>אִם־</w>
        <w>יֵהָרֵ֛ג</w>
        <w>בְּמִקְדַּ֥שׁ</w>
        <w>אֲדֹנָ֖י</w>
        <w>כֹּהֵ֥ן</w>
        <w>וְנָבִֽיא׃</w>
        <samekh/>
      </v>
      <v n="21">
        <w>שָׁכְב֨וּ</w>
        <w>לָאָ֤רֶץ</w>
        <w>חוּצוֹת֙</w>
        <w>נַ֣עַר</w>
        <w>וְזָקֵ֔ן</w>
        <w>בְּתוּלֹתַ֥י</w>
        <w>וּבַחוּרַ֖י</w>
        <w>נָפְל֣וּ</w>
        <w>בֶחָ֑רֶב</w>
        <w>הָרַגְ֙תָּ֙</w>
        <w>בְּי֣וֹם</w>
        <w>אַפֶּ֔ךָ</w>
        <w>טָבַ֖חְתָּ</w>
        <w>לֹ֥א</w>
        <w>חָמָֽלְתָּ׃</w>
        <samekh/>
      </v>
      <v n="22">
        <w>תִּקְרָא֩</w>
        <w>כְי֨וֹם</w>
        <w>מוֹעֵ֤ד</w>
        <w>מְגוּרַי֙</w>
        <w>מִסָּבִ֔יב</w>
        <w>וְלֹ֥א</w>
        <w>הָיָ֛ה</w>
        <w>בְּי֥וֹם</w>
        <w>אַף־</w>
        <w>יְהוָ֖ה</w>
        <w>פָּלִ֣יט</w>
        <w>וְשָׂרִ֑יד</w>
        <w>אֲשֶׁר־</w>
        <w>טִפַּ֥חְתִּי</w>
        <w>וְרִבִּ֖יתִי</w>
        <w>אֹיְבִ֥י</w>
        <w>כִלָּֽם׃</w>
        <pe/>
      </v>
      <vs>22</vs>
    </c>
    <c n="3">
      <v n="1">
        <w>אֲנִ֤י</w>
        <w>הַגֶּ֙בֶר֙</w>
        <w>רָאָ֣ה</w>
        <w>עֳנִ֔י</w>
        <w>בְּשֵׁ֖בֶט</w>
        <w>עֶבְרָתֽוֹ׃</w>
      </v>
      <v n="2">
        <w>אוֹתִ֥י</w>
        <w>נָהַ֛ג</w>
        <w>וַיֹּלַ֖ךְ</w>
        <w>חֹ֥שֶׁךְ</w>
        <w>וְלֹא־</w>
        <w>אֽוֹר׃</w>
      </v>
      <v n="3">
        <w>אַ֣ךְ</w>
        <w>בִּ֥י</w>
        <w>יָשֻׁ֛ב</w>
        <w>יַהֲפֹ֥ךְ</w>
        <w>יָד֖וֹ</w>
        <w>כָּל־</w>
        <w>הַיּֽוֹם׃</w>
        <samekh/>
      </v>
      <v n="4">
        <w>בִּלָּ֤ה</w>
        <w>בְשָׂרִי֙</w>
        <w>וְעוֹרִ֔י</w>
        <w>שִׁבַּ֖ר</w>
        <w>עַצְמוֹתָֽי׃</w>
      </v>
      <v n="5">
        <w>בָּנָ֥ה</w>
        <w>עָלַ֛י</w>
        <w>וַיַּקַּ֖ף</w>
        <w>רֹ֥אשׁ</w>
        <w>וּתְלָאָֽה׃</w>
      </v>
      <v n="6">
        <w>בְּמַחֲשַׁכִּ֥ים</w>
        <w>הוֹשִׁיבַ֖נִי</w>
        <w>כְּמֵתֵ֥י</w>
        <w>עוֹלָֽם׃</w>
        <samekh/>
      </v>
      <v n="7">
        <w>גָּדַ֧ר</w>
        <w>בַּעֲדִ֛י</w>
        <w>וְלֹ֥א</w>
        <w>אֵצֵ֖א</w>
        <w>הִכְבִּ֥יד</w>
        <w>נְחָשְׁתִּֽי׃</w>
      </v>
      <v n="8">
        <w>גַּ֣ם</w>
        <w>כִּ֤י</w>
        <w>אֶזְעַק֙</w>
        <w>וַאֲשַׁוֵּ֔עַ</w>
        <w>שָׂתַ֖ם</w>
        <w>תְּפִלָּתִֽי׃</w>
      </v>
      <v n="9">
        <w>גָּדַ֤ר</w>
        <w>דְּרָכַי֙</w>
        <w>בְּגָזִ֔ית</w>
        <w>נְתִיבֹתַ֖י</w>
        <w>עִוָּֽה׃</w>
        <samekh/>
      </v>
      <v n="10">
        <w>דֹּ֣ב</w>
        <w>אֹרֵ֥ב</w>
        <w>הוּא֙</w>
        <w>לִ֔י</w>
        <k>אריה</k>
        <q>אֲרִ֖י</q>
        <w>בְּמִסְתָּרִֽים׃</w>
      </v>
      <v n="11">
        <w>דְּרָכַ֥י</w>
        <w>סוֹרֵ֛ר</w>
        <w>וַֽיְפַשְּׁחֵ֖נִי</w>
        <w>שָׂמַ֥נִי</w>
        <w>שֹׁמֵֽם׃</w>
      </v>
      <v n="12">
        <w>דָּרַ֤ךְ</w>
        <w>קַשְׁתוֹ֙</w>
        <w>וַיַּצִּיבֵ֔נִי</w>
        <w>כַּמַּטָּרָ֖א</w>
        <w>לַחֵֽץ׃</w>
        <samekh/>
      </v>
      <v n="13">
        <w>הֵבִיא֙</w>
        <w>בְּכִלְיוֹתָ֔י</w>
        <w>בְּנֵ֖י</w>
        <w>אַשְׁפָּתֽוֹ׃</w>
      </v>
      <v n="14">
        <w>הָיִ֤יתִי</w>
        <w>שְּׂחֹק֙</w>
        <w>לְכָל־</w>
        <w>עַמִּ֔י</w>
        <w>נְגִינָתָ֖ם</w>
        <w>כָּל־</w>
        <w>הַיּֽוֹם׃</w>
      </v>
      <v n="15">
        <w>הִשְׂבִּיעַ֥נִי</w>
        <w>בַמְּרוֹרִ֖ים</w>
        <w>הִרְוַ֥נִי</w>
        <w>לַעֲנָֽה׃</w>
        <samekh/>
      </v>
      <v n="16">
        <w>וַיַּגְרֵ֤ס</w>
        <w>בֶּֽחָצָץ֙</w>
        <w>שִׁנָּ֔י</w>
        <w>הִכְפִּישַׁ֖נִי</w>
        <w>בָּאֵֽפֶר׃</w>
      </v>
      <v n="17">
        <w>וַתִּזְנַ֧ח</w>
        <w>מִשָּׁל֛וֹם</w>
        <w>נַפְשִׁ֖י</w>
        <w>נָשִׁ֥יתִי</w>
        <w>טוֹבָֽה׃</w>
      </v>
      <v n="18">
        <w>וָאֹמַר֙</w>
        <w>אָבַ֣ד</w>
        <w>נִצְחִ֔י</w>
        <w>וְתוֹחַלְתִּ֖י</w>
        <w>מֵיְהוָֽה׃</w>
        <samekh/>
      </v>
      <v n="19">
        <w>זְכָר־</w>
        <w>עָנְיִ֥י</w>
        <w>וּמְרוּדִ֖י</w>
        <w>לַעֲנָ֥ה</w>
        <w>וָרֹֽאשׁ׃</w>
      </v>
      <v n="20">
        <w>זָכ֣וֹר</w>
        <w>תִּזְכּ֔וֹר</w>
        <k>ותשיח</k>
        <q>וְתָשׁ֥וֹחַ</q>
        <w>עָלַ֖י</w>
        <w>נַפְשִֽׁי׃</w>
      </v>
      <v n="21">
        <w>זֹ֛את</w>
        <w>אָשִׁ֥יב</w>
        <w>אֶל־</w>
        <w>לִבִּ֖י</w>
        <w>עַל־</w>
        <w>כֵּ֥ן</w>
        <w>אוֹחִֽיל׃</w>
        <samekh/>
      </v>
      <v n="22">
        <w>חַֽסְדֵ֤י</w>
        <w>יְהוָה֙</w>
        <w>כִּ֣י</w>
        <w>לֹא־</w>
        <w>תָ֔מְנוּ</w>
        <w>כִּ֥י</w>
        <w>לֹא־</w>
        <w>כָל֖וּ</w>
        <w>רַחֲמָֽיו׃</w>
      </v>
      <v n="23">
        <w>חֲדָשִׁים֙</w>
        <w>לַבְּקָרִ֔ים</w>
        <w>רַבָּ֖ה</w>
        <w>אֱמוּנָתֶֽךָ׃</w>
      </v>
      <v n="24">
        <w>חֶלְקִ֤י</w>
        <w>יְהוָה֙</w>
        <w>אָמְרָ֣ה</w>
        <w>נַפְשִׁ֔י</w>
        <w>עַל־</w>
        <w>כֵּ֖ן</w>
        <w>אוֹחִ֥יל</w>
        <w>לֽוֹ׃</w>
        <samekh/>
      </v>
      <v n="25">
        <w>ט֤וֹב</w>
        <w>יְהוָה֙</w>
        <w>לְקֹוָ֔ו</w>
        <w>לְנֶ֖פֶשׁ</w>
        <w>תִּדְרְשֶֽׁנּוּ׃</w>
      </v>
      <v n="26">
        <w>ט֤וֹב</w>
        <w>וְיָחִיל֙</w>
        <w>וְדוּמָ֔ם</w>
        <w>לִתְשׁוּעַ֖ת</w>
        <w>יְהוָֽה׃</w>
      </v>
      <v n="27">
        <w>ט֣וֹב</w>
        <w>לַגֶּ֔בֶר</w>
        <w>כִּֽי־</w>
        <w>יִשָּׂ֥א</w>
        <w>עֹ֖ל</w>
        <w>בִּנְעוּרָֽיו׃</w>
        <samekh/>
      </v>
      <v n="28">
        <w>יֵשֵׁ֤ב</w>
        <w>בָּדָד֙</w>
        <w>וְיִדֹּ֔ם</w>
        <w>כִּ֥י</w>
        <w>נָטַ֖ל</w>
        <w>עָלָֽיו׃</w>
      </v>
      <v n="29">
        <w>יִתֵּ֤ן</w>
        <w>בֶּֽעָפָר֙</w>
        <w>פִּ֔יהוּ</w>
        <w>אוּלַ֖י</w>
        <w>יֵ֥שׁ</w>
        <w>תִּקְוָֽה׃</w>
      </v>
      <v n="30">
        <w>יִתֵּ֧ן</w>
        <w>לְמַכֵּ֛הוּ</w>
        <w>לֶ֖חִי</w>
        <w>יִשְׂבַּ֥ע</w>
        <w>בְּחֶרְפָּֽה׃</w>
        <samekh/>
      </v>
      <v n="31">
        <w>כִּ֣י</w>
        <w>לֹ֥א</w>
        <w>יִזְנַ֛ח</w>
        <w>לְעוֹלָ֖ם</w>
        <w>אֲדֹנָֽי׃</w>
      </v>
      <v n="32">
        <w>כִּ֣י</w>
        <w>אִם־</w>
        <w>הוֹגָ֔ה</w>
        <w>וְרִחַ֖ם</w>
        <w>כְּרֹ֥ב</w>
        <k>חסדו</k>
        <q>חֲסָדָֽיו׃</q>
      </v>
      <v n="33">
        <w>כִּ֣י</w>
        <w>לֹ֤א</w>
        <w>עִנָּה֙</w>
        <w>מִלִבּ֔וֹ</w>
        <w>וַיַּגֶּ֖ה</w>
        <w>בְ<x>t</x>נֵי־</w>
        <w>אִֽישׁ׃</w>
        <samekh/>
      </v>
      <v n="34">
        <w>לְדַכֵּא֙</w>
        <w>תַּ֣חַת</w>
        <w>רַגְלָ֔יו</w>
        <w>כֹּ֖ל</w>
        <w>אֲסִ֥ירֵי</w>
        <w>אָֽרֶץ׃</w>
      </v>
      <v n="35">
        <w>לְהַטּוֹת֙</w>
        <w>מִשְׁפַּט־</w>
        <w>גָּ֔בֶר</w>
        <w>נֶ֖גֶד</w>
        <w>פְּנֵ֥י</w>
        <w>עֶלְיֽוֹן׃</w>
      </v>
      <v n="36">
        <w>לְעַוֵּ֤ת</w>
        <w>אָדָם֙</w>
        <w>בְּרִיב֔וֹ</w>
        <w>אֲדֹנָ֖י</w>
        <w>לֹ֥א</w>
        <w>רָאָֽה׃</w>
        <samekh/>
      </v>
      <v n="37">
        <w>מִ֣י</w>
        <w>זֶ֤ה</w>
        <w>אָמַר֙</w>
        <w>וַתֶּ֔הִי</w>
        <w>אֲדֹנָ֖י</w>
        <w>לֹ֥א</w>
        <w>צִוָּֽה׃</w>
      </v>
      <v n="38">
        <w>מִפִּ֤י</w>
        <w>עֶלְיוֹן֙</w>
        <w>לֹ֣א</w>
        <w>תֵצֵ֔א</w>
        <w>הָרָע֖וֹת</w>
        <w>וְהַטּֽוֹב׃</w>
      </v>
      <v n="39">
        <w>מַה־</w>
        <w>יִּתְאוֹנֵן֙</w>
        <w>אָדָ֣ם</w>
        <w>חָ֔י</w>
        <w>גֶּ֖בֶר</w>
        <w>עַל־</w>
        <k>חטאו</k>
        <q>חֲטָאָֽיו׃</q>
        <samekh/>
      </v>
      <v n="40">
        <w>נַחְפְּשָׂ֤ה</w>
        <w>דְרָכֵ֙ינוּ֙</w>
        <w>וְֽנַחְקֹ֔רָה</w>
        <w>וְנָשׁ֖וּבָה</w>
        <w>עַד־</w>
        <w>יְהוָֽה׃</w>
      </v>
      <v n="41">
        <w>נִשָּׂ֤א</w>
        <w>לְבָבֵ֙נוּ֙</w>
        <w>אֶל־</w>
        <w>כַּפָּ֔יִם</w>
        <w>אֶל־</w>
        <w>אֵ֖ל</w>
        <w>בַּשָּׁמָֽיִם׃</w>
      </v>
      <v n="42">
        <w>נַ֤חְנוּ</w>
        <w>פָשַׁ֙עְנוּ֙</w>
        <w>וּמָרִ֔ינוּ</w>
        <w>אַתָּ֖ה</w>
        <w>לֹ֥א</w>
        <w>סָלָֽחְתָּ׃</w>
        <samekh/>
      </v>
      <v n="43">
        <w>סַכֹּ֤תָה</w>
        <w>בָאַף֙</w>
        <w>וַֽתִּרְדְּפֵ֔נוּ</w>
        <w>הָרַ֖גְתָּ</w>
        <w>לֹ֥א</w>
        <w>חָמָֽלְתָּ׃</w>
      </v>
      <v n="44">
        <w>סַכּ֤וֹתָה</w>
        <w>בֶֽעָנָן֙</w>
        <w>לָ֔ךְ</w>
        <w>מֵעֲב֖וֹר</w>
        <w>תְּפִלָּֽה׃</w>
      </v>
      <v n="45">
        <w>סְחִ֧י</w>
        <w>וּמָא֛וֹס</w>
        <w>תְּשִׂימֵ֖נוּ</w>
        <w>בְּקֶ֥רֶב</w>
        <w>הָעַמִּֽים׃</w>
        <samekh/>
      </v>
      <v n="46">
        <w>פָּצ֥וּ</w>
        <w>עָלֵ֛ינוּ</w>
        <w>פִּיהֶ֖ם</w>
        <w>כָּל־</w>
        <w>אֹיְבֵֽינוּ׃</w>
      </v>
      <v n="47">
        <w>פַּ֧חַד</w>
        <w>וָפַ֛חַת</w>
        <w>הָ֥יָה</w>
        <w>לָ֖נוּ</w>
        <w>הַשֵּׁ֥את</w>
        <w>וְהַשָּֽׁבֶר׃</w>
      </v>
      <v n="48">
        <w>פַּלְגֵי־</w>
        <w>מַ֙יִם֙</w>
        <w>תֵּרַ֣ד</w>
        <w>עֵינִ֔י</w>
        <w>עַל־</w>
        <w>שֶׁ֖בֶר</w>
        <w>בַּת־</w>
        <w>עַמִּֽי׃</w>
        <samekh/>
      </v>
      <v n="49">
        <w>עֵינִ֧י</w>
        <w>נִגְּרָ֛ה</w>
        <w>וְלֹ֥א</w>
        <w>תִדְמֶ֖ה</w>
        <w>מֵאֵ֥ין</w>
        <w>הֲפֻגֽוֹת׃</w>
      </v>
      <v n="50">
        <w>עַד־</w>
        <w>יַשְׁקִ֣יף</w>
        <w>וְיֵ֔רֶא</w>
        <w>יְהוָ֖ה</w>
        <w>מִשָּׁמָֽיִם׃</w>
      </v>
      <v n="51">
        <w>עֵינִי֙</w>
        <w>עֽוֹלְלָ֣ה</w>
        <w>לְנַפְשִׁ֔י</w>
        <w>מִכֹּ֖ל</w>
        <w>בְּנ֥וֹת</w>
        <w>עִירִֽי׃</w>
        <samekh/>
      </v>
      <v n="52">
        <w>צ֥וֹד</w>
        <w>צָד֛וּנִי</w>
        <w>כַּצִּפּ֖וֹר</w>
        <w>אֹיְבַ֥י</w>
        <w>חִנָּֽם׃</w>
      </v>
      <v n="53">
        <w>צָֽמְת֤וּ</w>
        <w>בַבּוֹר֙</w>
        <w>חַיָּ֔י</w>
        <w>וַיַּדּוּ־</w>
        <w>אֶ֖בֶן</w>
        <w>בִּֽי׃</w>
      </v>
      <v n="54">
        <w>צָֽפוּ־</w>
        <w>מַ֥יִם</w>
        <w>עַל־</w>
        <w>רֹאשִׁ֖י</w>
        <w>אָמַ֥רְתִּי</w>
        <w>נִגְזָֽרְתִּי׃</w>
        <samekh/>
      </v>
      <v n="55">
        <w>קָרָ֤אתִי</w>
        <w>שִׁמְךָ֙</w>
        <w>יְהוָ֔ה</w>
        <w>מִבּ֖וֹר</w>
        <w>תַּחְתִּיּֽוֹת׃</w>
      </v>
      <v n="56">
        <w>קוֹלִ֖י</w>
        <w>שָׁמָ֑עְתָּ</w>
        <w>אַל־</w>
        <w>תַּעְלֵ֧ם</w>
        <w>אָזְנְךָ֛</w>
        <w>לְרַוְחָתִ֖י</w>
        <w>לְשַׁוְעָתִֽי׃</w>
      </v>
      <v n="57">
        <w>קָרַ֙בְתָּ֙</w>
        <w>בְּי֣וֹם</w>
        <w>אֶקְרָאֶ֔ךָּ</w>
        <w>אָמַ֖רְתָּ</w>
        <w>אַל־</w>
        <w>תִּירָֽא׃</w>
        <samekh/>
      </v>
      <v n="58">
        <w>רַ֧בְתָּ</w>
        <w>אֲדֹנָ֛י</w>
        <w>רִיבֵ֥י</w>
        <w>נַפְשִׁ֖י</w>
        <w>גָּאַ֥לְתָּ</w>
        <w>חַיָּֽי׃</w>
      </v>
      <v n="59">
        <w>רָאִ֤יתָה</w>
        <w>יְהוָה֙</w>
        <w>עַוָּ֣תָתִ֔י</w>
        <w>שָׁפְטָ֖ה</w>
        <w>מִשְׁפָּטִֽי׃</w>
      </v>
      <v n="60">
        <w>רָאִ֙יתָה֙</w>
        <w>כָּל־</w>
        <w>נִקְמָתָ֔ם</w>
        <w>כָּל־</w>
        <w>מַחְשְׁבֹתָ֖ם</w>
        <w>לִֽי׃</w>
        <samekh/>
      </v>
      <v n="61">
        <w>שָׁמַ֤עְתָּ</w>
        <w>חֶרְפָּתָם֙</w>
        <w>יְהוָ֔ה</w>
        <w>כָּל־</w>
        <w>מַחְשְׁבֹתָ֖ם</w>
        <w>עָלָֽי׃</w>
      </v>
      <v n="62">
        <w>שִׂפְתֵ֤י</w>
        <w>קָמַי֙</w>
        <w>וְהֶגְיוֹנָ֔ם</w>
        <w>עָלַ֖י</w>
        <w>כָּל־</w>
        <w>הַיּֽוֹם׃</w>
      </v>
      <v n="63">
        <w>שִׁבְתָּ֤ם</w>
        <w>וְקִֽימָתָם֙</w>
        <w>הַבִּ֔יטָה</w>
        <w>אֲנִ֖י</w>
        <w>מַנְגִּינָתָֽם׃</w>
        <samekh/>
      </v>
      <v n="64">
        <w>תָּשִׁ֨יב</w>
        <w>לָהֶ֥ם</w>
        <w>גְּמ֛וּל</w>
        <w>יְהוָ֖ה</w>
        <w>כְּמַעֲשֵׂ֥ה</w>
        <w>יְדֵיהֶֽם׃</w>
      </v>
      <v n="65">
        <w>תִּתֵּ֤ן</w>
        <w>לָהֶם֙</w>
        <w>מְגִנַּת־</w>
        <w>לֵ֔ב</w>
        <w>תַּאֲלָֽתְךָ֖</w>
        <w>לָהֶֽם׃</w>
      </v>
      <v n="66">
        <w>תִּרְדֹּ֤ף</w>
        <w>בְּאַף֙</w>
        <w>וְתַשְׁמִידֵ֔ם</w>
        <w>מִתַּ֖חַת</w>
        <w>שְׁמֵ֥י</w>
        <w>יְהוָֽה׃</w>
        <pe/>
      </v>
      <vs>66</vs>
    </c>
    <c n="4">
      <v n="1">
        <w>אֵיכָה֙</w>
        <w>יוּעַ֣ם</w>
        <w>זָהָ֔ב</w>
        <w>יִשְׁנֶ֖א</w>
        <w>הַכֶּ֣תֶם</w>
        <w>הַטּ֑וֹב</w>
        <w>תִּשְׁתַּפֵּ֙כְנָה֙</w>
        <w>אַבְנֵי־</w>
        <w>קֹ֔דֶשׁ</w>
        <w>בְּרֹ֖אשׁ</w>
        <w>כָּל־</w>
        <w>חוּצֽוֹת׃</w>
        <samekh/>
      </v>
      <v n="2">
        <w>בְּנֵ֤י</w>
        <w>צִיּוֹן֙</w>
        <w>הַיְקָרִ֔ים</w>
        <w>הַמְסֻלָּאִ֖ים</w>
        <w>בַּפָּ֑ז</w>
        <w>אֵיכָ֤ה</w>
        <w>נֶחְשְׁבוּ֙</w>
        <w>לְנִבְלֵי־</w>
        <w>חֶ֔רֶשׂ</w>
        <w>מַעֲשֵׂ֖ה</w>
        <w>יְדֵ֥י</w>
        <w>יוֹצֵֽר׃</w>
        <samekh/>
      </v>
      <v n="3">
        <w>גַּם־</w>
        <k>תנין</k>
        <q>תַּנִּים֙</q>
        <w>חָ֣לְצוּ</w>
        <w>שַׁ֔ד</w>
        <w>הֵינִ֖יקוּ</w>
        <w>גּוּרֵיהֶ֑ן</w>
        <w>בַּת־</w>
        <w>עַמִּ֣י</w>
        <w>לְאַכְזָ֔ר</w>
        <k>כי</k>
        <k>ענים</k>
        <q>כַּיְעֵנִ֖ים</q>
        <w>בַּמִּדְבָּֽר׃</w>
        <samekh/>
      </v>
      <v n="4">
        <w>דָּבַ֨ק</w>
        <w>לְשׁ֥וֹן</w>
        <w>יוֹנֵ֛ק</w>
        <w>אֶל־</w>
        <w>חִ<x>t</x>כּ֖וֹ</w>
        <w>בַּצָּמָ֑א</w>
        <w>עֽוֹלָלִים֙</w>
        <w>שָׁ֣אֲלוּ</w>
        <w>לֶ֔חֶם</w>
        <w>פֹּרֵ֖שׂ</w>
        <w>אֵ֥ין</w>
        <w>לָהֶֽם׃</w>
        <samekh/>
      </v>
      <v n="5">
        <w>הָאֹֽכְלִים֙</w>
        <w>לְמַ֣עֲדַנִּ֔ים</w>
        <w>נָשַׁ֖מּוּ</w>
        <w>בַּחוּצ֑וֹת</w>
        <w>הָאֱמֻנִים֙</w>
        <w>עֲלֵ֣י</w>
        <w>תוֹלָ֔ע</w>
        <w>חִבְּק֖וּ</w>
        <w>אַשְׁפַּתּֽוֹת׃</w>
        <samekh/>
      </v>
      <v n="6">
        <w>וַיִּגְדַּל֙</w>
        <w>עֲוֺ֣ן</w>
        <w>בַּת־</w>
        <w>עַמִּ֔י</w>
        <w>מֵֽחַטַּ֖את</w>
        <w>סְדֹ֑ם</w>
        <w>הַֽהֲפוּכָ֣ה</w>
        <w>כְמוֹ־</w>
        <w>רָ֔גַע</w>
        <w>וְלֹא־</w>
        <w>חָ֥לוּ</w>
        <w>בָ֖הּ</w>
        <w>יָדָֽיִם׃</w>
        <samekh/>
      </v>
      <v n="7">
        <w>זַכּ֤וּ</w>
        <w>נְזִירֶ֙יהָ֙</w>
        <w>מִשֶּׁ֔<x>t</x>לֶג</w>
        <w>צַח֖וּ</w>
        <w>מֵחָלָ֑ב</w>
        <w>אָ֤דְמוּ</w>
        <w>עֶ֙צֶם֙</w>
        <w>מִפְּנִינִ֔ים</w>
        <w>סַפִּ֖יר</w>
        <w>גִּזְרָתָֽם׃</w>
        <samekh/>
      </v>
      <v n="8">
        <w>חָשַׁ֤ךְ</w>
        <w>מִשְּׁחוֹר֙</w>
        <w>תָּֽאֳרָ֔ם</w>
        <w>לֹ֥א</w>
        <w>נִכְּר֖וּ</w>
        <w>בַּחוּצ֑וֹת</w>
        <w>צָפַ֤ד</w>
        <w>עוֹרָם֙</w>
        <w>עַל־</w>
        <w>עַצְמָ֔ם</w>
        <w>יָבֵ֖שׁ</w>
        <w>הָיָ֥ה</w>
        <w>כָעֵֽץ׃</w>
        <samekh/>
      </v>
      <v n="9">
        <w>טוֹבִ֤ים</w>
        <w>הָיוּ֙</w>
        <w>חַלְלֵי־</w>
        <w>חֶ֔רֶב</w>
        <w>מֵֽחַלְלֵ֖י</w>
        <w>רָעָ֑ב</w>
        <w>שֶׁ֣הֵ֤ם</w>
        <w>יָז֙וּבוּ֙</w>
        <w>מְדֻקָּרִ֔ים</w>
        <w>מִתְּנוּבֹ֖ת</w>
        <w>שָׂדָֽי׃</w>
        <samekh/>
      </v>
      <v n="10">
        <w>יְדֵ֗י</w>
        <w>נָשִׁים֙</w>
        <w>רַחֲמָ֣נִיּ֔וֹת</w>
        <w>בִּשְּׁל֖וּ</w>
        <w>יַלְדֵיהֶ֑ן</w>
        <w>הָי֤וּ</w>
        <w>לְבָרוֹת֙</w>
        <w>לָ֔מוֹ</w>
        <w>בְּשֶׁ֖בֶר</w>
        <w>בַּת־</w>
        <w>עַמִּֽי׃</w>
        <samekh/>
      </v>
      <v n="11">
        <w>כִּלָּ֤ה</w>
        <w>יְהוָה֙</w>
        <w>אֶת־</w>
        <w>חֲמָת֔וֹ</w>
        <w>שָׁפַ֖ךְ</w>
        <w>חֲר֣וֹן</w>
        <w>אַפּ֑וֹ</w>
        <w>וַיַּצֶּת־</w>
        <w>אֵ֣שׁ</w>
        <w>בְּצִיּ֔וֹן</w>
        <w>וַתֹּ֖אכַל</w>
        <w>יְסוֹדֹתֶֽיהָ׃</w>
        <samekh/>
      </v>
      <v n="12">
        <w>לֹ֤א</w>
        <w>הֶאֱמִ֙ינוּ֙</w>
        <w>מַלְכֵי־</w>
        <w>אֶ֔רֶץ</w>
        <k>וכל</k>
        <q>כֹּ֖ל</q>
        <w>יֹשְׁבֵ֣י</w>
        <w>תֵבֵ֑ל</w>
        <w>כִּ֤י</w>
        <w>יָבֹא֙</w>
        <w>צַ֣ר</w>
        <w>וְאוֹיֵ֔ב</w>
        <w>בְּשַׁעֲרֵ֖י</w>
        <w>יְרוּשָׁלָֽ͏ִם׃</w>
        <samekh/>
      </v>
      <v n="13">
        <w>מֵֽחַטֹּ֣את</w>
        <w>נְבִיאֶ֔יהָ</w>
        <w>עֲוֺנ֖וֹת</w>
        <w>כֹּהֲנֶ֑יהָ</w>
        <w>הַשֹּׁפְכִ֥ים</w>
        <w>בְּקִרְבָּ֖הּ</w>
        <w>דַּ֥ם</w>
        <w>צַדִּיקִֽים׃</w>
        <samekh/>
      </v>
      <v n="14">
        <w>נָע֤וּ</w>
        <w>עִוְרִים֙</w>
        <w>בַּֽחוּצ֔וֹת</w>
        <w>נְגֹֽאֲל֖וּ</w>
        <w>בַּדָּ֑ם</w>
        <w>בְּלֹ֣א</w>
        <w>יֽוּכְל֔וּ</w>
        <w>יִגְּע֖וּ</w>
        <w>בִּלְבֻשֵׁיהֶֽם׃</w>
        <samekh/>
      </v>
      <v n="15">
        <w>ס֣וּרוּ</w>
        <w>טָמֵ֞א</w>
        <w>קָ֣רְאוּ</w>
        <w>לָ֗מוֹ</w>
        <w>ס֤וּרוּ</w>
        <w>ס֙וּרוּ֙</w>
        <w>אַל־</w>
        <w>תִּגָּ֔עוּ</w>
        <w>כִּ֥י</w>
        <w>נָצ֖וּ</w>
        <w>גַּם־</w>
        <w>נָ֑עוּ</w>
        <w>אָֽמְרוּ֙</w>
        <w>בַּגּוֹיִ֔ם</w>
        <w>לֹ֥א</w>
        <w>יוֹסִ֖יפוּ</w>
        <w>לָגֽוּר׃</w>
        <samekh/>
      </v>
      <v n="16">
        <w>פְּנֵ֤י</w>
        <w>יְהוָה֙</w>
        <w>חִלְּקָ֔ם</w>
        <w>לֹ֥א</w>
        <w>יוֹסִ֖יף</w>
        <w>לְהַבִּיטָ֑ם</w>
        <w>פְּנֵ֤י</w>
        <w>כֹהֲנִים֙</w>
        <w>לֹ֣א</w>
        <w>נָשָׂ֔אוּ</w>
        <k>זקנים</k>
        <q>וּזְקֵנִ֖ים</q>
        <w>לֹ֥א</w>
        <w>חָנָֽנוּ׃</w>
        <samekh/>
      </v>
      <v n="17">
        <k>עודינה</k>
        <q>עוֹדֵ֙ינוּ֙</q>
        <w>תִּכְלֶ֣ינָה</w>
        <w>עֵינֵ֔ינוּ</w>
        <w>אֶל־</w>
        <w>עֶזְרָתֵ֖נוּ</w>
        <w>הָ֑בֶל</w>
        <w>בְּצִפִּיָּתֵ֣נוּ</w>
        <w>צִפִּ֔ינוּ</w>
        <w>אֶל־</w>
        <w>גּ֖וֹי</w>
        <w>לֹ֥א</w>
        <w>יוֹשִֽׁעַ׃</w>
        <samekh/>
      </v>
      <v n="18">
        <w>צָד֣וּ</w>
        <w>צְעָדֵ֔ינוּ</w>
        <w>מִלֶּ֖כֶת</w>
        <w>בִּרְחֹבֹתֵ֑ינוּ</w>
        <w>קָרַ֥ב</w>
        <w>קִצֵּ֛ינוּ</w>
        <w>מָלְא֥וּ</w>
        <w>יָמֵ֖ינוּ</w>
        <w>כִּי־</w>
        <w>בָ֥א</w>
        <w>קִצֵּֽינוּ׃</w>
        <samekh/>
      </v>
      <v n="19">
        <w>קַלִּ֤ים</w>
        <w>הָיוּ֙</w>
        <w>רֹדְפֵ֔ינוּ</w>
        <w>מִנִּשְׁרֵ֖י</w>
        <w>שָׁמָ֑יִם</w>
        <w>עַל־</w>
        <w>הֶהָרִ֣ים</w>
        <w>דְּלָקֻ֔נוּ</w>
        <w>בַּמִּדְבָּ֖ר</w>
        <w>אָ֥רְבוּ</w>
        <w>לָֽנוּ׃</w>
        <samekh/>
      </v>
      <v n="20">
        <w>ר֤וּחַ</w>
        <w>אַפֵּ֙ינוּ֙</w>
        <w>מְשִׁ֣יחַ</w>
        <w>יְהוָ֔ה</w>
        <w>נִלְכַּ֖ד</w>
        <w>בִּשְׁחִיתוֹתָ֑ם</w>
        <w>אֲשֶׁ֣ר</w>
        <w>אָמַ֔רְנוּ</w>
        <w>בְּצִלּ֖וֹ</w>
        <w>נִֽחְיֶ֥ה</w>
        <w>בַגּוֹיִֽם׃</w>
        <samekh/>
      </v>
      <v n="21">
        <w>שִׂ֤ישִׂי</w>
        <w>וְשִׂמְחִי֙</w>
        <w>בַּת־</w>
        <w>אֱד֔וֹם</w>
        <k>יושבתי</k>
        <q>יוֹשֶׁ֖בֶת</q>
        <w>בְּאֶ֣רֶץ</w>
        <w>ע֑וּץ</w>
        <w>גַּם־</w>
        <w>עָלַ֙יִךְ֙</w>
        <w>תַּעֲבָר־</w>
        <w>כּ֔וֹס</w>
        <w>תִּשְׁכְּרִ֖י</w>
        <w>וְתִתְעָרִֽי׃</w>
        <samekh/>
      </v>
      <v n="22">
        <w>תַּם־</w>
        <w>עֲוֺנֵךְ֙</w>
        <w>בַּת־</w>
        <w>צִיּ֔וֹן</w>
        <w>לֹ֥א</w>
        <w>יוֹסִ֖יף</w>
        <w>לְהַגְלוֹתֵ֑ךְ</w>
        <w>פָּקַ֤ד</w>
        <w>עֲוֺנֵךְ֙</w>
        <w>בַּת־</w>
        <w>אֱד֔וֹם</w>
        <w>גִּלָּ֖ה</w>
        <w>עַל־</w>
        <w>חַטֹּאתָֽיִךְ׃</w>
        <pe/>
      </v>
      <vs>22</vs>
    </c>
    <c n="5">
      <v n="1">
        <w>זְכֹ֤ר</w>
        <w>יְהוָה֙</w>
        <w>מֶֽה־</w>
        <w>הָ֣יָה</w>
        <w>לָ֔נוּ</w>
        <k>הביט</k>
        <q>הַבִּ֖יטָה</q>
        <w>וּרְאֵ֥ה</w>
        <w>אֶת־</w>
        <w>חֶרְפָּתֵֽנוּ׃</w>
      </v>
      <v n="2">
        <w>נַחֲלָתֵ֙נוּ֙</w>
        <w>נֶֽהֶפְכָ֣ה</w>
        <w>לְזָרִ֔ים</w>
        <w>בָּתֵּ֖ינוּ</w>
        <w>לְנָכְרִֽים׃</w>
      </v>
      <v n="3">
        <w>יְתוֹמִ֤ים</w>
        <w>הָיִ֙ינוּ֙</w>
        <k>אין</k>
        <q>וְאֵ֣ין</q>
        <w>אָ֔ב</w>
        <w>אִמֹּתֵ֖ינוּ</w>
        <w>כְּאַלְמָנֽוֹת׃</w>
      </v>
      <v n="4">
        <w>מֵימֵ֙ינוּ֙</w>
        <w>בְּכֶ֣סֶף</w>
        <w>שָׁתִ֔ינוּ</w>
        <w>עֵצֵ֖ינוּ</w>
        <w>בִּמְחִ֥יר</w>
        <w>יָבֹֽאוּ׃</w>
      </v>
      <v n="5">
        <w>עַ֤ל</w>
        <w>צַוָּארֵ֙נוּ֙</w>
        <w>נִרְדָּ֔פְנוּ</w>
        <w>יָגַ֖עְנוּ</w>
        <k>לא</k>
        <q>וְלֹ֥א</q>
        <w>הֽוּנַ֖ח</w>
        <w>לָֽנוּ׃</w>
      </v>
      <v n="6">
        <w>מִצְרַ֙יִם֙</w>
        <w>נָתַ֣נּוּ</w>
        <w>יָ֔ד</w>
        <w>אַשּׁ֖וּר</w>
        <w>לִשְׂבֹּ֥עַֽ</w>
        <w>לָֽחֶם׃</w>
      </v>
      <v n="7">
        <w>אֲבֹתֵ֤ינוּ</w>
        <w>חָֽטְאוּ֙</w>
        <k>אינם</k>
        <q>וְאֵינָ֔ם</q>
        <k>אנחנו</k>
        <q>וַאֲנַ֖חְנוּ</q>
        <w>עֲוֺנֹתֵיהֶ֥ם</w>
        <w>סָבָֽלְנוּ׃</w>
      </v>
      <v n="8">
        <w>עֲבָדִים֙</w>
        <w>מָ֣שְׁלוּ</w>
        <w>בָ֔נוּ</w>
        <w>פֹּרֵ֖ק</w>
        <w>אֵ֥ין</w>
        <w>מִיָּדָֽם׃</w>
      </v>
      <v n="9">
        <w>בְּנַפְשֵׁ֙נוּ֙</w>
        <w>נָבִ֣יא</w>
        <w>לַחְמֵ֔נוּ</w>
        <w>מִפְּנֵ֖י</w>
        <w>חֶ֥רֶב</w>
        <w>הַמִּדְבָּֽר׃</w>
      </v>
      <v n="10">
        <w>עוֹרֵ֙נוּ֙</w>
        <w>כְּתַנּ֣וּר</w>
        <w>נִכְמָ֔רוּ</w>
        <w>מִפְּנֵ֖י</w>
        <w>זַלְעֲפ֥וֹת</w>
        <w>רָעָֽב׃</w>
      </v>
      <v n="11">
        <w>נָשִׁים֙</w>
        <w>בְּצִיּ֣וֹן</w>
        <w>עִנּ֔וּ</w>
        <w>בְּתֻלֹ֖ת</w>
        <w>בְּעָרֵ֥י</w>
        <w>יְהוּדָֽה׃</w>
      </v>
      <v n="12">
        <w>שָׂרִים֙</w>
        <w>בְּיָדָ֣ם</w>
        <w>נִתְל֔וּ</w>
        <w>פְּנֵ֥י</w>
        <w>זְקֵנִ֖ים</w>
        <w>לֹ֥א</w>
        <w>נֶהְדָּֽרוּ׃</w>
      </v>
      <v n="13">
        <w>בַּחוּרִים֙</w>
        <w>טְח֣וֹן</w>
        <w>נָשָׂ֔אוּ</w>
        <w>וּנְעָרִ֖ים</w>
        <w>בָּעֵ֥ץ</w>
        <w>כָּשָֽׁלוּ׃</w>
      </v>
      <v n="14">
        <w>זְקֵנִים֙</w>
        <w>מִשַּׁ֣עַר</w>
        <w>שָׁבָ֔תוּ</w>
        <w>בַּחוּרִ֖ים</w>
        <w>מִנְּגִינָתָֽם׃</w>
      </v>
      <v n="15">
        <w>שָׁבַת֙</w>
        <w>מְשׂ֣וֹשׂ</w>
        <w>לִבֵּ֔נוּ</w>
        <w>נֶהְפַּ֥ךְ</w>
        <w>לְאֵ֖בֶל</w>
        <w>מְחֹלֵֽנוּ׃</w>
      </v>
      <v n="16">
        <w>נָֽפְלָה֙</w>
        <w>עֲטֶ֣רֶת</w>
        <w>רֹאשֵׁ֔נוּ</w>
        <w>אֽוֹי־</w>
        <w>נָ֥א</w>
        <w>לָ֖נוּ</w>
        <w>כִּ֥י</w>
        <w>חָטָֽאנוּ׃</w>
      </v>
      <v n="17">
        <w>עַל־</w>
        <w>זֶ֗ה</w>
        <w>הָיָ֤ה</w>
        <w>דָוֶה֙</w>
        <w>לִבֵּ֔נוּ</w>
        <w>עַל־</w>
        <w>אֵ֖לֶּה</w>
        <w>חָשְׁכ֥וּ</w>
        <w>עֵינֵֽינוּ׃</w>
      </v>
      <v n="18">
        <w>עַ֤ל</w>
        <w>הַר־</w>
        <w>צִיּוֹן֙</w>
        <w>שֶׁשָּׁמֵ֔ם</w>
        <w>שׁוּעָלִ֖ים</w>
        <w>הִלְּכוּ־</w>
        <w>בֽוֹ׃</w>
        <pe/>
      </v>
      <v n="19">
        <w>אַתָּ֤ה</w>
        <w>יְהוָה֙</w>
        <w>לְעוֹלָ֣ם</w>
        <w>תֵּשֵׁ֔ב</w>
        <w>כִּסְאֲךָ֖</w>
        <w>לְדֹ֥ר</w>
        <w>וָדֽוֹר׃</w>
      </v>
      <v n="20">
        <w>לָ֤מָּה</w>
        <w>לָנֶ֙צַח֙</w>
        <w>תִּשְׁכָּחֵ֔נוּ</w>
        <w>תַּֽעַזְבֵ֖נוּ</w>
        <w>לְאֹ֥רֶךְ</w>
        <w>יָמִֽים׃</w>
      </v>
      <v n="21">
        <w>הֲשִׁיבֵ֨נוּ</w>
        <w>יְהוָ֤ה ׀</w>
        <w>אֵלֶ֙יךָ֙</w>
        <k>ונשוב</k>
        <q>וְֽנָשׁ֔וּבָה</q>
        <w>חַדֵּ֥שׁ</w>
        <w>יָמֵ֖ינוּ</w>
        <w>כְּקֶֽדֶם׃</w>
      </v>
      <v n="22">
        <w>כִּ֚י</w>
        <w>אִם־</w>
        <w>מָאֹ֣ס</w>
        <w>מְאַסְתָּ֔נוּ</w>
        <w>קָצַ֥פְתָּ</w>
        <w>עָלֵ֖ינוּ</w>
        <w>עַד־</w>
        <w>מְאֹֽד׃</w>
      </v>
      <vs>22</vs>
    </c>
    <vs>154</vs>
    <cs>5</cs>
  </book>
</tanach>
<notes>
  <note>
    <code>4</code>
    <gccode>4</gccode>
    <note>Puncta extraordinaria -- an x05c4 is used to mark such marks in the text when they are above the line and an x05c5 when they are below the line. </note>
  </note>
  <note>
    <code>5</code>
    <gccode>5</gccode>
    <note>Large letter(s). Shown as large letters.</note>
  </note>
  <note>
    <code>6</code>
    <gccode>6</gccode>
    <note>Small letter(s). Shown as small letters.</note>
  </note>
  <note>
    <code>7</code>
    <gccode>7</gccode>
    <note>Suspended letter(s). Shown as suspended letters.</note>
  </note>
  <note>
    <code>8</code>
    <gccode>8</gccode>
    <note>Inverted nun in the text.</note>
  </note>
  <note>
    <code>c</code>
    <gccode>c</gccode>
    <note>Text is correct relative to LC. Usually this marks a peculiarity of the LC relative to the other Masoretic texts.</note>
  </note>
  <note>
    <code>d</code>
    <gccode>d</gccode>
    <note>This tipeha is a dehi in other texts.</note>
  </note>
  <note>
    <code>m</code>
    <gccode>m</gccode>
    <note>This meteg is a merkha in other texts.</note>
  </note>
  <note>
    <code>t</code>
    <gccode>t</gccode>
    <note>Transcription uncertain. Examine the LC image for other possible readings.</note>
  </note>
  <note>
    <code>X</code>
    <gccode>X</gccode>
    <note>This verse does NOT occur in the Leningrad Codex. Included for continuity of verse numbering.</note>
  </note>
</notes>
</Tanach>
