<?xml version="1.0" encoding="UTF-8"?>
<!-- Copyright C.V.Kimball 2013 -->
<Tanach xmlns:xsi="http://www.w3.org/2001/XMLSchema-instance" xsi:noNamespaceSchemaLocation="../XSL/Tanach.xsd">
<teiHeader>
  <fileDesc>
    <titleStmt>
      <title level="s" type="uniform">Tanach</title>
      <title level="s" type="uniformhebrew">תנ״ך</title>
      <title level="s" type="main">Unicode/XML Leningrad Codex</title>
      <title level="a" type="main">Nahum</title>
      <title level="a" type="mainhebrew">נחום</title>
      <title level="a" type="filename">Nahum</title>
      <editor>Shemu'el ben Ya'akov</editor>
      <editor>Aharon ben-Mosheh ben-Asher</editor>
      <respStmt>
        <resp>Publisher:</resp>
        <name>Christopher V. Kimball</name>
        <name type="email">mail@cvkimball.com</name>
      </respStmt>
    </titleStmt>
    <editionStmt>
      <edition>Unicode/XML Leningrad Codex (UXLC)
        <version>UXLC 2.0</version>
        <date>19 Oct 2023</date>
        <build>27.1</build>
        <buildDateTime>19 Oct 2023  00:00</buildDateTime>
      </edition>
<respStmt>
<resp>WLC2XML[21 Apr 2023] - Transcription from Michigan-Claremont encoding to Unicode with XML markings. See details in notes.</resp>
<resp>ScanReplace/EditWLC[30 Dec 2020] - Edits/removes transcription notes; removes MDs.</resp>
<resp>ScanReplace/InsertCGJs[29 Dec 2020] - Places CGJ in Jerusalem VUV words and leading metegs.</resp>
<resp>Updater[15 Sep 2023] - Changes.xml file dated 2020.02.19 . </resp>
<resp>Updater[15 Sep 2023] - Changes.xml file dated 2020.10.19 . </resp>
<resp>Updater[15 Sep 2023] - Changes.xml file dated 2021.04.01 . </resp>
<resp>Updater[15 Sep 2023] - Changes.xml file dated 2021.10.19 . </resp>
<resp>Updater[15 Sep 2023] - Changes.xml file dated 2022.04.01 . </resp>
<resp>Updater[15 Sep 2023] - Changes.xml file dated 2022.07.04 . </resp>
<resp>Updater[15 Sep 2023] - Changes.xml file dated 2022.10.19 . </resp>
<resp>Updater[15 Sep 2023] - Changes.xml file dated 2022.12.07 . </resp>
<resp>Updater[15 Sep 2023] - Changes.xml file dated 2023.04.01 . </resp>
<resp>Updater[15 Sep 2023] - Changes.xml file dated 2023.07.04 . </resp>
<resp>Updater[15 Sep 2023] - Changes.xml file dated 2023.10.19 . </resp>
</respStmt>
    </editionStmt>
    <extent>27022</extent>
    <publicationStmt>
      <distributor>Via web site:
        <name>Christopher V. Kimball</name>
        <name type="url">https://tanach.us/Tanach.xml</name>
        <name type="email">mail@cvkimball.com</name>
      </distributor>
      <availability status="free">Freely available</availability>
    </publicationStmt>
    <notesStmt>
      <note>The original text file wlc420_ps.txt was provided by the Groves Center. 
The file has the MD5 hash: d31a 6a6e 9afa bf82 272c 2efb 0522 a12e 
and was dated 25 Jan 2016. Six transcription notes (5,7,F) have been moved to the noted character (Lev 11:42.4, Judg 18:30.11, Isa 9.6.1, Ps 80:14.3, Job 38:13.5, Job 38:15.2) to produce the file wlc420_ps_td.txt for conversion to Unicode and XML by the program WLC2XML. The only other changes to the Groves Center text are: The book names in English and Hebrew of the Jewish Publication Society Tanach and book abbreviations from the New Revised Standard Version have been added. MC code 32 added as atnah hafukh by Steve Salisbury, 30 Sep 2021. The atnah hafukh codepoint, x05a2, has been added to the character table; it does not appear in WLC 4.20. </note>
    </notesStmt>
    <sourceDesc>
      <biblItem>
        <title>Hebrew Bible</title>
        <title>Leningrad Codex</title>
        <editor>Shemu'el ben Ya'akov</editor>
        <editor>Aharon ben-Mosheh ben-Asher</editor>
        <edition>Original document</edition>
        <imprint>
          <publisher>Russian National Library (Saltykov-Shchedrin)</publisher>
          <pubPlace>St. Petersburg (Leningrad)</pubPlace>
          <date>1008</date>
        </imprint>
        <idno type="Accession">Firkovich B 19 A</idno>
      </biblItem>
      <biblItem>
        <title>The Leningrad Codex - A Facsimile Edition</title>
        <editor>Freedman, David Noel</editor>
        <editor>Beck, Astrid B.</editor>
        <edition>First</edition>
        <imprint>
          <publisher>Wm. B. Eerdmans Publishing Co.</publisher>
          <pubPlace>Grand Rapids, MI</pubPlace>
          <date>1998</date>
        </imprint>
        <idno type="IBSN">0-8028-3786-7</idno>
      </biblItem>
      <biblItem>
        <title>The Westminster Leningrad Codex</title>
        <editor>Salisbury, Stephen K.</editor>
        <edition>WLC 4.20</edition>
        <imprint>
          <publisher>The J. Alan Groves Center for Advanced Biblical Research ("Groves Center").</publisher>
          <pubPlace>2960 Church Rd.</pubPlace>
          <pubPlace>Glenside, PA 19038</pubPlace>
          <date>25 January 2016</date>
        </imprint>
        <idno type="Unknown"/>
      </biblItem>
    </sourceDesc>
  </fileDesc>
  <encodingDesc>
  </encodingDesc>
  <profileDesc>
    <creation>From WLC 4.20 provided by the Groves Center.</creation>
    <date>25 Jan 2016</date>
    <langUsage>
      <language ident="HE">Hebrew</language>
    </langUsage>
  </profileDesc>
</teiHeader>
<tanach>
  <book>
    <names>
      <name>Nahum</name>
      <abbrev>Nah</abbrev>
      <number>21</number>
      <filename>Nahum</filename>
      <hebrewname>נחום</hebrewname>
    </names>
    <c n="1">
      <v n="1">
        <w>מַשָּׂ֖א</w>
        <w>נִֽינְוֵ֑ה</w>
        <w>סֵ֧פֶר</w>
        <w>חֲז֛וֹן</w>
        <w>נַח֖וּם</w>
        <w>הָאֶלְקֹשִֽׁי׃</w>
      </v>
      <v n="2">
        <w>אֵ֣ל</w>
        <w>קַנּ֤וֹא</w>
        <w>וְנֹקֵם֙</w>
        <w>יְהוָ֔ה</w>
        <w>נֹקֵ֥ם</w>
        <w>יְהוָ֖ה</w>
        <w>וּבַ֣עַל</w>
        <w>חֵמָ֑ה</w>
        <w>נֹקֵ֤ם</w>
        <w>יְהוָה֙</w>
        <w>לְצָרָ֔יו</w>
        <w>וְנוֹטֵ֥ר</w>
        <w>ה֖וּא</w>
        <w>לְאֹיְבָֽיו׃</w>
      </v>
      <v n="3">
        <w>יְהֹוָ֗ה</w>
        <w>אֶ֤רֶךְ</w>
        <w>אַפַּ֙יִם֙</w>
        <k>וגדול־</k>
        <q>וּגְדָל־</q>
        <w>כֹּ֔חַ</w>
        <w>וְנַקֵּ֖ה</w>
        <w>לֹ֣א</w>
        <w>יְנַקֶּ֑ה</w>
        <w>יְהוָ֗ה</w>
        <w>בְּסוּפָ֤ה</w>
        <w>וּבִשְׂעָרָה֙</w>
        <w>דַּרְכּ֔וֹ</w>
        <w>וְעָנָ֖ן</w>
        <w>אֲבַ֥ק</w>
        <w>רַגְלָֽיו׃</w>
      </v>
      <v n="4">
        <w>גּוֹעֵ֤ר</w>
        <w>בַּיָּם֙</w>
        <w>וַֽיַּבְּשֵׁ֔הוּ</w>
        <w>וְכָל־</w>
        <w>הַנְּהָר֖וֹת</w>
        <w>הֶֽחֱרִ֑יב</w>
        <w>אֻמְלַ֤ל</w>
        <w>בָּשָׁן֙</w>
        <w>וְכַרְמֶ֔ל</w>
        <w>וּפֶ֥רַח</w>
        <w>לְבָנ֖וֹן</w>
        <w>אֻמְלָֽל׃</w>
      </v>
      <v n="5">
        <w>הָרִים֙</w>
        <w>רָעֲשׁ֣וּ</w>
        <w>מִמֶּ֔נּוּ</w>
        <w>וְהַגְּבָע֖וֹת</w>
        <w>הִתְמֹגָ֑גוּ</w>
        <w>וַתִּשָּׂ֤א</w>
        <w>הָאָ֙רֶץ֙</w>
        <w>מִפָּנָ֔יו</w>
        <w>וְתֵבֵ֖ל</w>
        <w>וְכָל־</w>
        <w>יֹ֥שְׁבֵי</w>
        <w>בָֽהּ׃</w>
      </v>
      <v n="6">
        <w>לִפְנֵ֤י</w>
        <w>זַעְמוֹ֙</w>
        <w>מִ֣י</w>
        <w>יַֽעֲמ֔וֹד</w>
        <w>וּמִ֥י</w>
        <w>יָק֖וּם</w>
        <w>בַּחֲר֣וֹן</w>
        <w>אַפּ֑וֹ</w>
        <w>חֲמָתוֹ֙</w>
        <w>נִתְּכָ֣ה</w>
        <w>כָאֵ֔שׁ</w>
        <w>וְהַצֻּרִ֖ים</w>
        <w>נִתְּצ֥וּ</w>
        <w>מִמֶּֽנּוּ׃</w>
      </v>
      <v n="7">
        <w>ט֣וֹב</w>
        <w>יְהוָ֔ה</w>
        <w>לְמָע֖וֹז</w>
        <w>בְּי֣וֹם</w>
        <w>צָרָ֑ה</w>
        <w>וְיֹדֵ֖עַ</w>
        <w>חֹ֥סֵי</w>
        <w>בֽוֹ׃</w>
      </v>
      <v n="8">
        <w>וּבְשֶׁ֣טֶף</w>
        <w>עֹבֵ֔ר</w>
        <w>כָּלָ֖ה</w>
        <w>יַעֲשֶׂ֣ה</w>
        <w>מְקוֹמָ֑הּ</w>
        <w>וְאֹיְבָ֖יו</w>
        <w>יְרַדֶּף־</w>
        <w>חֹֽשֶׁךְ׃</w>
      </v>
      <v n="9">
        <w>מַה־</w>
        <w>תְּחַשְּׁבוּן֙</w>
        <w>אֶל־</w>
        <w>יְהוָ֔ה</w>
        <w>כָּלָ֖ה</w>
        <w>ה֣וּא</w>
        <w>עֹשֶׂ֑ה</w>
        <w>לֹֽא־</w>
        <w>תָק֥וּם</w>
        <w>פַּעֲמַ֖יִם</w>
        <w>צָרָֽה׃</w>
      </v>
      <v n="10">
        <w>כִּ֚י</w>
        <w>עַד־</w>
        <w>סִירִ֣ים</w>
        <w>סְבֻכִ֔ים</w>
        <w>וּכְסָבְאָ֖ם</w>
        <w>סְבוּאִ֑ים</w>
        <w>אֻ֨כְּל֔וּ</w>
        <w>כְּקַ֥שׁ</w>
        <w>יָבֵ֖שׁ</w>
        <w>מָלֵֽא׃</w>
      </v>
      <v n="11">
        <w>מִמֵּ֣ךְ</w>
        <w>יָצָ֔א</w>
        <w>חֹשֵׁ֥ב</w>
        <w>עַל־</w>
        <w>יְהוָ֖ה</w>
        <w>רָעָ֑ה</w>
        <w>יֹעֵ֖ץ</w>
        <w>בְּלִיָּֽעַל׃</w>
        <samekh/>
      </v>
      <v n="12">
        <w>כֹּ֣ה ׀</w>
        <w>אָמַ֣ר</w>
        <w>יְהוָ֗ה</w>
        <w>אִם־</w>
        <w>שְׁלֵמִים֙</w>
        <w>וְכֵ֣ן</w>
        <w>רַבִּ֔ים</w>
        <w>וְכֵ֥ן</w>
        <w>נָגֹ֖זּוּ</w>
        <w>וְעָבָ֑ר</w>
        <w>וְעִ֨נִּתִ֔ךְ</w>
        <w>לֹ֥א</w>
        <w>אֲעַנֵּ֖ךְ</w>
        <w>עֽוֹד׃</w>
      </v>
      <v n="13">
        <w>וְעַתָּ֕ה</w>
        <w>אֶשְׁבֹּ֥ר</w>
        <w>מֹטֵ֖הוּ</w>
        <w>מֵֽעָלָ֑יִךְ</w>
        <w>וּמוֹסְרֹתַ֖יִךְ</w>
        <w>אֲנַתֵּֽק׃</w>
      </v>
      <v n="14">
        <w>וְצִוָּ֤ה</w>
        <w>עָלֶ֙יךָ֙</w>
        <w>יְהוָ֔ה</w>
        <w>לֹֽא־</w>
        <w>יִזָּרַ֥ע</w>
        <w>מִשִּׁמְךָ֖</w>
        <w>ע֑וֹד</w>
        <w>מִבֵּ֨ית</w>
        <w>אֱלֹהֶ֜יךָ</w>
        <w>אַכְרִ֨ית</w>
        <w>פֶּ֧סֶל</w>
        <w>וּמַסֵּכָ֛ה</w>
        <w>אָשִׂ֥ים</w>
        <w>קִבְרֶ֖ךָ</w>
        <w>כִּ֥י</w>
        <w>קַלּֽוֹתָ׃</w>
        <pe/>
      </v>
      <vs>14</vs>
    </c>
    <c n="2">
      <v n="1">
        <w>הִנֵּ֨ה</w>
        <w>עַל־</w>
        <w>הֶהָרִ֜ים</w>
        <w>רַגְלֵ֤י</w>
        <w>מְבַשֵּׂר֙</w>
        <w>מַשְׁמִ֣יעַ</w>
        <w>שָׁל֔וֹם</w>
        <w>חָגִּ֧י</w>
        <w>יְהוּדָ֛ה</w>
        <w>חַגַּ֖יִךְ</w>
        <w>שַׁלְּמִ֣י</w>
        <w>נְדָרָ֑יִךְ</w>
        <w>כִּי֩</w>
        <w>לֹ֨א</w>
        <w>יוֹסִ֥יף</w>
        <w>ע֛וֹד</w>
        <k>לעבור־</k>
        <q>לַֽעֲבָר־</q>
        <w>בָּ֥ךְ</w>
        <w>בְּלִיַּ֖עַל</w>
        <w>כֻּלֹּ֥ה</w>
        <w>נִכְרָֽת׃</w>
      </v>
      <v n="2">
        <w>עָלָ֥ה</w>
        <w>מֵפִ֛יץ</w>
        <w>עַל־</w>
        <w>פָּנַ֖יִךְ</w>
        <w>נָצ֣וֹר</w>
        <w>מְצֻרָ֑ה</w>
        <w>צַפֵּה־</w>
        <w>דֶ֙רֶךְ֙</w>
        <w>חַזֵּ֣ק</w>
        <w>מָתְנַ֔יִם</w>
        <w>אַמֵּ֥ץ</w>
        <w>כֹּ֖חַ</w>
        <w>מְאֹֽד׃</w>
      </v>
      <v n="3">
        <w>כִּ֣י</w>
        <w>שָׁ֤ב</w>
        <w>יְהוָה֙</w>
        <w>אֶת־</w>
        <w>גְּא֣וֹן</w>
        <w>יַעֲקֹ֔ב</w>
        <w>כִּגְא֖וֹן</w>
        <w>יִשְׂרָאֵ֑ל</w>
        <w>כִּ֤י</w>
        <w>בְקָקוּם֙</w>
        <w>בֹּֽקְקִ֔ים</w>
        <w>וּזְמֹרֵיהֶ֖ם</w>
        <w>שִׁחֵֽתוּ׃</w>
      </v>
      <v n="4">
        <w>מָגֵ֨ן</w>
        <w>גִּבֹּרֵ֜יהוּ</w>
        <w>מְאָדָּ֗ם</w>
        <w>אַנְשֵׁי־</w>
        <w>חַ֙יִל֙</w>
        <w>מְתֻלָּעִ֔ים</w>
        <w>בְּאֵשׁ־</w>
        <w>פְּלָד֥וֹת</w>
        <w>הָרֶ֖כֶב</w>
        <w>בְּי֣וֹם</w>
        <w>הֲכִינ֑וֹ</w>
        <w>וְהַבְּרֹשִׁ֖ים</w>
        <w>הָרְעָֽלוּ׃</w>
      </v>
      <v n="5">
        <w>בַּֽחוּצוֹת֙</w>
        <w>יִתְהוֹלְל֣וּ</w>
        <w>הָרֶ֔כֶב</w>
        <w>יִֽשְׁתַּקְשְׁק֖וּן</w>
        <w>בָּרְחֹב֑וֹת</w>
        <w>מַרְאֵיהֶן֙</w>
        <w>כַּלַּפִּידִ֔ם</w>
        <w>כַּבְּרָקִ֖ים</w>
        <w>יְרוֹצֵֽצוּ׃</w>
      </v>
      <v n="6">
        <w>יִזְכֹּר֙</w>
        <w>אַדִּירָ֔יו</w>
        <w>יִכָּשְׁל֖וּ</w>
        <k>בהלכותם</k>
        <q>בַּהֲלִֽיכָתָ֑ם</q>
        <w>יְמַֽהֲרוּ֙</w>
        <w>חֽוֹמָתָ֔הּ</w>
        <w>וְהֻכַ֖ן</w>
        <w>הַסֹּכֵֽךְ׃</w>
      </v>
      <v n="7">
        <w>שַׁעֲרֵ֥י</w>
        <w>הַנְּהָר֖וֹת</w>
        <w>נִפְתָּ֑חוּ</w>
        <w>וְהַֽהֵיכָ֖ל</w>
        <w>נָמֽוֹג׃</w>
      </v>
      <v n="8">
        <w>וְהֻצַּ֖ב</w>
        <w>גֻּלְּתָ֣ה</w>
        <w>הֹֽעֲלָ֑תָה</w>
        <w>וְאַמְהֹתֶ֗יהָ</w>
        <w>מְנַֽהֲגוֹת֙</w>
        <w>כְּק֣וֹל</w>
        <w>יוֹנִ֔ים</w>
        <w>מְתֹפְפֹ֖ת</w>
        <w>עַל־</w>
        <w>לִבְבֵהֶֽן׃</w>
      </v>
      <v n="9">
        <w>וְנִינְוֵ֥ה</w>
        <w>כִבְרֵֽכַת־</w>
        <w>מַ֖יִם</w>
        <w>מִ֣ימֵי</w>
        <w>הִ֑יא</w>
        <w>וְהֵ֣מָּה</w>
        <w>נָסִ֔ים</w>
        <w>עִמְד֥וּ</w>
        <w>עֲמֹ֖דוּ</w>
        <w>וְאֵ֥ין</w>
        <w>מַפְנֶֽה׃</w>
      </v>
      <v n="10">
        <w>בֹּ֥זּוּ</w>
        <w>כֶ֖סֶף</w>
        <w>בֹּ֣זּוּ</w>
        <w>זָהָ֑ב</w>
        <w>וְאֵ֥ין</w>
        <w>קֵ֙צֶה֙</w>
        <w>לַתְּכוּנָ֔ה</w>
        <w>כָּבֹ֕ד</w>
        <w>מִכֹּ֖ל</w>
        <w>כְּלִ֥י</w>
        <w>חֶמְדָּֽה׃</w>
      </v>
      <v n="11">
        <w>בּוּקָ֥ה</w>
        <w>וּמְבוּקָ֖ה</w>
        <w>וּמְבֻלָּקָ֑ה</w>
        <w>וְלֵ֨ב</w>
        <w>נָמֵ֜ס</w>
        <w>וּפִ֣ק</w>
        <w>בִּרְכַּ֗יִם</w>
        <w>וְחַלְחָלָה֙</w>
        <w>בְּכָל־</w>
        <w>מָתְנַ֔יִם</w>
        <w>וּפְנֵ֥י</w>
        <w>כֻלָּ֖ם</w>
        <w>קִבְּצ֥וּ</w>
        <w>פָארֽוּר׃</w>
      </v>
      <v n="12">
        <w>אַיֵּה֙</w>
        <w>מְע֣וֹן</w>
        <w>אֲרָי֔וֹת</w>
        <w>וּמִרְעֶ֥ה</w>
        <w>ה֖וּא</w>
        <w>לַכְּפִרִ֑ים</w>
        <w>אֲשֶׁ֣ר</w>
        <w>הָלַךְ֩</w>
        <w>אַרְיֵ֨ה</w>
        <w>לָבִ֥יא</w>
        <w>שָׁ֛ם</w>
        <w>גּ֥וּר</w>
        <w>אַרְיֵ֖ה</w>
        <w>וְאֵ֥ין</w>
        <w>מַחֲרִֽיד׃</w>
      </v>
      <v n="13">
        <w>אַרְיֵ֤ה</w>
        <w>טֹרֵף֙</w>
        <w>בְּדֵ֣י</w>
        <w>גֹֽרוֹתָ֔יו</w>
        <w>וּמְחַנֵּ֖ק</w>
        <w>לְלִבְאֹתָ֑יו</w>
        <w>וַיְמַלֵּא־</w>
        <w>טֶ֣רֶף</w>
        <w>חֹרָ֔יו</w>
        <w>וּמְעֹֽנֹתָ֖יו</w>
        <w>טְרֵפָֽה׃</w>
      </v>
      <v n="14">
        <w>הִנְנִ֣י</w>
        <w>אֵלַ֗יִךְ</w>
        <w>נְאֻם֙</w>
        <w>יְהוָ֣ה</w>
        <w>צְבָא֔וֹת</w>
        <w>וְהִבְעַרְתִּ֤י</w>
        <w>בֶֽעָשָׁן֙</w>
        <w>רִכְבָּ֔הּ</w>
        <w>וּכְפִירַ֖יִךְ</w>
        <w>תֹּ֣אכַל</w>
        <w>חָ֑רֶב</w>
        <w>וְהִכְרַתִּ֤י</w>
        <w>מֵאֶ֙רֶץ֙</w>
        <w>טַרְפֵּ֔ךְ</w>
        <w>וְלֹֽא־</w>
        <w>יִשָּׁמַ֥ע</w>
        <w>ע֖וֹד</w>
        <w>ק֥וֹל</w>
        <w>מַלְאָכֵֽכֵה׃</w>
        <samekh/>
      </v>
      <vs>14</vs>
    </c>
    <c n="3">
      <v n="1">
        <w>ה֖וֹי</w>
        <w>עִ֣יר</w>
        <w>דָּמִ֑ים</w>
        <w>כֻּלָּ֗הּ</w>
        <w>כַּ֤חַשׁ</w>
        <w>פֶּ֙רֶק֙</w>
        <w>מְלֵאָ֔ה</w>
        <w>לֹ֥א</w>
        <w>יָמִ֖ישׁ</w>
        <w>טָֽרֶף׃</w>
      </v>
      <v n="2">
        <w>ק֣וֹל</w>
        <w>שׁ֔וֹט</w>
        <w>וְק֖וֹל</w>
        <w>רַ֣עַשׁ</w>
        <w>אוֹפָ֑ן</w>
        <w>וְס֣וּס</w>
        <w>דֹּהֵ֔ר</w>
        <w>וּמֶרְכָּבָ֖ה</w>
        <w>מְרַקֵּדָֽה׃</w>
      </v>
      <v n="3">
        <w>פָּרָ֣שׁ</w>
        <w>מַעֲלֶ֗ה</w>
        <w>וְלַ֤הַב</w>
        <w>חֶ֙רֶב֙</w>
        <w>וּבְרַ֣ק</w>
        <w>חֲנִ֔ית</w>
        <w>וְרֹ֥ב</w>
        <w>חָלָ֖ל</w>
        <w>וְכֹ֣בֶד</w>
        <w>פָּ֑גֶר</w>
        <w>וְאֵ֥ין</w>
        <w>קֵ֙צֶה֙</w>
        <w>לַגְּוִיָּ֔ה</w>
        <k>יכשלו</k>
        <q>וְכָשְׁל֖וּ</q>
        <w>בִּגְוִיָּתָֽם׃</w>
      </v>
      <v n="4">
        <w>מֵרֹב֙</w>
        <w>זְנוּנֵ֣י</w>
        <w>זוֹנָ֔ה</w>
        <w>ט֥וֹבַת</w>
        <w>חֵ֖ן</w>
        <w>בַּעֲלַ֣ת</w>
        <w>כְּשָׁפִ֑ים</w>
        <w>הַמֹּכֶ֤רֶת</w>
        <w>גּוֹיִם֙</w>
        <w>בִּזְנוּנֶ֔יהָ</w>
        <w>וּמִשְׁפָּח֖וֹת</w>
        <w>בִּכְשָׁפֶֽיהָ׃</w>
      </v>
      <v n="5">
        <w>הִנְנִ֣י</w>
        <w>אֵלַ֗יִךְ</w>
        <w>נְאֻם֙</w>
        <w>יְהוָ֣ה</w>
        <w>צְבָא֔וֹת</w>
        <w>וְגִלֵּיתִ֥י</w>
        <w>שׁוּלַ֖יִךְ</w>
        <w>עַל־</w>
        <w>פָּנָ֑יִךְ</w>
        <w>וְהַרְאֵיתִ֤י</w>
        <w>גוֹיִם֙</w>
        <w>מַעְרֵ֔ךְ</w>
        <w>וּמַמְלָכ֖וֹת</w>
        <w>קְלוֹנֵֽךְ׃</w>
      </v>
      <v n="6">
        <w>וְהִשְׁלַכְתִּ֥י</w>
        <w>עָלַ֛יִךְ</w>
        <w>שִׁקֻּצִ֖ים</w>
        <w>וְנִבַּלְתִּ֑יךְ</w>
        <w>וְשַׂמְתִּ֖יךְ</w>
        <w>כְּרֹֽאִי׃</w>
      </v>
      <v n="7">
        <w>וְהָיָ֤ה</w>
        <w>כָל־</w>
        <w>רֹאַ֙יִךְ֙</w>
        <w>יִדּ֣וֹד</w>
        <w>מִמֵּ֔ךְ</w>
        <w>וְאָמַר֙</w>
        <w>שָׁדְּדָ֣ה</w>
        <w>נִֽינְוֵ֔ה</w>
        <w>מִ֖י</w>
        <w>יָנ֣וּד</w>
        <w>לָ֑הּ</w>
        <w>מֵאַ֛יִן</w>
        <w>אֲבַקֵּ֥שׁ</w>
        <w>מְנַחֲמִ֖ים</w>
        <w>לָֽךְ׃</w>
      </v>
      <v n="8">
        <w>הֲתֵֽיטְבִי֙</w>
        <w>מִנֹּ֣א</w>
        <w>אָמ֔וֹן</w>
        <w>הַיֹּֽשְׁבָה֙</w>
        <w>בַּיְאֹרִ֔ים</w>
        <w>מַ֖יִם</w>
        <w>סָבִ֣יב</w>
        <w>לָ֑הּ</w>
        <w>אֲשֶׁר־</w>
        <w>חֵ֣יל</w>
        <w>יָ֔ם</w>
        <w>מִיָּ֖ם</w>
        <w>חוֹמָתָֽהּ׃</w>
      </v>
      <v n="9">
        <w>כּ֥וּשׁ</w>
        <w>עָצְמָ֛ה</w>
        <w>וּמִצְרַ֖יִם</w>
        <w>וְאֵ֣ין</w>
        <w>קֵ֑צֶה</w>
        <w>פּ֣וּט</w>
        <w>וְלוּבִ֔ים</w>
        <w>הָי֖וּ</w>
        <w>בְּעֶזְרָתֵֽךְ׃</w>
      </v>
      <v n="10">
        <w>גַּם־</w>
        <w>הִ֗יא</w>
        <w>לַגֹּלָה֙</w>
        <w>הָלְכָ֣ה</w>
        <w>בַשֶּׁ֔בִי</w>
        <w>גַּ֧ם</w>
        <w>עֹלָלֶ֛יהָ</w>
        <w>יְרֻטְּשׁ֖וּ</w>
        <w>בְּרֹ֣אשׁ</w>
        <w>כָּל־</w>
        <w>חוּצ֑וֹת</w>
        <w>וְעַל־</w>
        <w>נִכְבַּדֶּ֙יהָ֙</w>
        <w>יַדּ֣וּ</w>
        <w>גוֹרָ֔ל</w>
        <w>וְכָל־</w>
        <w>גְּדוֹלֶ֖יהָ</w>
        <w>רֻתְּק֥וּ</w>
        <w>בַזִּקִּֽים׃</w>
      </v>
      <v n="11">
        <w>גַּם־</w>
        <w>אַ֣תְּ</w>
        <w>תִּשְׁכְּרִ֔י</w>
        <w>תְּהִ֖י</w>
        <w>נַֽעֲלָמָ֑ה</w>
        <w>גַּם־</w>
        <w>אַ֛תְּ</w>
        <w>תְּבַקְשִׁ֥י</w>
        <w>מָע֖וֹז</w>
        <w>מֵאוֹיֵֽב׃</w>
      </v>
      <v n="12">
        <w>כָּ֨ל־</w>
        <w>מִבְצָרַ֔יִךְ</w>
        <w>תְּאֵנִ֖ים</w>
        <w>עִם־</w>
        <w>בִּכּוּרִ֑ים</w>
        <w>אִם־</w>
        <w>יִנּ֕וֹעוּ</w>
        <w>וְנָפְל֖וּ</w>
        <w>עַל־</w>
        <w>פִּ֥י</w>
        <w>אוֹכֵֽל׃</w>
      </v>
      <v n="13">
        <w>הִנֵּ֨ה</w>
        <w>עַמֵּ֤ךְ</w>
        <w>נָשִׁים֙</w>
        <w>בְּקִרְבֵּ֔ךְ</w>
        <w>לְאֹ֣יְבַ֔יִךְ</w>
        <w>פָּת֥וֹחַ</w>
        <w>נִפְתְּח֖וּ</w>
        <w>שַׁעֲרֵ֣י</w>
        <w>אַרְצֵ֑ךְ</w>
        <w>אָכְלָ֥ה</w>
        <w>אֵ֖שׁ</w>
        <w>בְּרִיחָֽיִך׃</w>
      </v>
      <v n="14">
        <w>מֵ֤י</w>
        <w>מָצוֹר֙</w>
        <w>שַֽׁאֲבִי־</w>
        <w>לָ֔ךְ</w>
        <w>חַזְּקִ֖י</w>
        <w>מִבְצָרָ֑יִךְ</w>
        <w>בֹּ֧אִי</w>
        <w>בַטִּ֛יט</w>
        <w>וְרִמְסִ֥י</w>
        <w>בַחֹ֖מֶר</w>
        <w>הַחֲזִ֥יקִי</w>
        <w>מַלְבֵּֽן׃</w>
      </v>
      <v n="15">
        <w>שָׁ֚ם</w>
        <w>תֹּאכְלֵ֣ךְ</w>
        <w>אֵ֔שׁ</w>
        <w>תַּכְרִיתֵ֣ךְ</w>
        <w>חֶ֔רֶב</w>
        <w>תֹּאכְלֵ֖ךְ</w>
        <w>כַּיָּ֑לֶק</w>
        <w>הִתְכַּבֵּ֣ד</w>
        <w>כַּיֶּ֔לֶק</w>
        <w>הִֽתְכַּבְּדִ֖י</w>
        <w>כָּאַרְבֶּֽה׃</w>
      </v>
      <v n="16">
        <w>הִרְבֵּית֙</w>
        <w>רֹֽכְלַ֔יִךְ</w>
        <w>מִכּוֹכְבֵ֖י</w>
        <w>הַשָּׁמָ֑יִם</w>
        <w>יֶ֥לֶק</w>
        <w>פָּשַׁ֖ט</w>
        <w>וַיָּעֹֽף׃</w>
      </v>
      <v n="17">
        <w>מִנְּזָרַ֙יִךְ֙</w>
        <w>כָּֽאַרְבֶּ֔ה</w>
        <w>וְטַפְסְרַ֖יִךְ</w>
        <w>כְּג֣וֹב</w>
        <w>גֹּבָ֑י</w>
        <w>הַֽחוֹנִ֤ים</w>
        <w>בַּגְּדֵרוֹת֙</w>
        <w>בְּי֣וֹם</w>
        <w>קָרָ֔ה</w>
        <w>שֶׁ֤מֶשׁ</w>
        <w>זָֽרְחָה֙</w>
        <w>וְנוֹדַ֔ד</w>
        <w>וְלֹֽא־</w>
        <w>נוֹדַ֥ע</w>
        <w>מְקוֹמ֖וֹ</w>
        <w>אַיָּֽם׃</w>
      </v>
      <v n="18">
        <w>נָמ֤וּ</w>
        <w>רֹעֶ֙יךָ֙</w>
        <w>מֶ֣לֶךְ</w>
        <w>אַשּׁ֔וּר</w>
        <w>יִשְׁכְּנ֖וּ</w>
        <w>אַדִּירֶ֑יךָ</w>
        <w>נָפֹ֧שׁוּ</w>
        <w>עַמְּךָ֛</w>
        <w>עַל־</w>
        <w>הֶהָרִ֖ים</w>
        <w>וְאֵ֥ין</w>
        <w>מְקַבֵּֽץ׃</w>
      </v>
      <v n="19">
        <w>אֵין־</w>
        <w>כֵּהָ֣ה</w>
        <w>לְשִׁבְרֶ֔ךָ</w>
        <w>נַחְלָ֖ה</w>
        <w>מַכָּתֶ֑ךָ</w>
        <w>כֹּ֣ל ׀</w>
        <w>שֹׁמְעֵ֣י</w>
        <w>שִׁמְעֲךָ֗</w>
        <w>תָּ֤קְעוּ</w>
        <w>כַף֙</w>
        <w>עָלֶ֔יךָ</w>
        <w>כִּ֗י</w>
        <w>עַל־</w>
        <w>מִ֛י</w>
        <w>לֹֽא־</w>
        <w>עָבְרָ֥ה</w>
        <w>רָעָתְךָ֖</w>
        <w>תָּמִֽיד׃</w>
      </v>
      <vs>19</vs>
    </c>
    <vs>47</vs>
    <cs>3</cs>
  </book>
</tanach>
<notes>
  <note>
    <code>4</code>
    <gccode>4</gccode>
    <note>Puncta extraordinaria -- an x05c4 is used to mark such marks in the text when they are above the line and an x05c5 when they are below the line. </note>
  </note>
  <note>
    <code>5</code>
    <gccode>5</gccode>
    <note>Large letter(s). Shown as large letters.</note>
  </note>
  <note>
    <code>6</code>
    <gccode>6</gccode>
    <note>Small letter(s). Shown as small letters.</note>
  </note>
  <note>
    <code>7</code>
    <gccode>7</gccode>
    <note>Suspended letter(s). Shown as suspended letters.</note>
  </note>
  <note>
    <code>8</code>
    <gccode>8</gccode>
    <note>Inverted nun in the text.</note>
  </note>
  <note>
    <code>c</code>
    <gccode>c</gccode>
    <note>Text is correct relative to LC. Usually this marks a peculiarity of the LC relative to the other Masoretic texts.</note>
  </note>
  <note>
    <code>d</code>
    <gccode>d</gccode>
    <note>This tipeha is a dehi in other texts.</note>
  </note>
  <note>
    <code>m</code>
    <gccode>m</gccode>
    <note>This meteg is a merkha in other texts.</note>
  </note>
  <note>
    <code>t</code>
    <gccode>t</gccode>
    <note>Transcription uncertain. Examine the LC image for other possible readings.</note>
  </note>
  <note>
    <code>X</code>
    <gccode>X</gccode>
    <note>This verse does NOT occur in the Leningrad Codex. Included for continuity of verse numbering.</note>
  </note>
</notes>
</Tanach>
