<book>
<book-name>ΠΡΟΣ ΡΩΜΑΙΟΥΣ</book-name>

<verse>Romans 1:1</verse>
<note>1:1 Χριστοῦ Ἰησοῦ Treg NA28 ] Ἰησοῦ Χριστοῦ WH RP</note>

<verse>Romans 1:8</verse>
<note>8 περὶ WH Treg NA28 ] ὑπὲρ RP</note>

<verse>Romans 1:16</verse>
<note>16 εὐαγγέλιον WH Treg NA28 ] + τοῦ χριστοῦ RP</note>

<verse>Romans 1:19</verse>
<note>19 θεὸς γὰρ WH Treg NA28 ] γὰρ θεὸς RP</note>

<verse>Romans 1:24</verse>
<note>24 Διὸ WH Treg NA28 ] + καὶ RP </note>
<note>• αὐτοῖς WH Treg NA28 ] ἑαυτοῖς RP</note>

<verse>Romans 1:27</verse>
<note>27 ἑαυτοῖς Treg NA28 RP ] αὑτοῖς WH</note>

<verse>Romans 1:29</verse>
<note>29 ἀδικίᾳ WH Treg NA28 ] + πορνείᾳ RP</note>

<verse>Romans 1:31</verse>
<note>31 ἀστόργους WH Treg NA28 ] + ἀσπόνδους RP</note>

<verse>Romans 2:5</verse>
<note>2:5 ἀποκαλύψεως WH Treg NA28 ] + καὶ RP</note>

<verse>Romans 2:8</verse>
<note>8 ἀπειθοῦσι WH Treg NA28 ] + μὲν RP </note>
<note>• ὀργὴ καὶ θυμός WH Treg NA28 ] θυμὸς καὶ ὀργή RP</note>

<verse>Romans 2:13</verse>
<note>13 ⸀νόμου WH Treg NA28 ] τοῦ νόμου RP </note>
<note>• τῷ WH NA28 RP ] – Treg </note>
<note>• ⸁νόμου WH Treg NA28 ] τοῦ νόμου RP</note>

<verse>Romans 2:14</verse>
<note>14 ποιῶσιν WH Treg NA28 ] ποιῇ RP</note>

<verse>Romans 2:16</verse>
<note>16 ἡμέρᾳ ὅτε Treg NA28 RP ] ᾗ ἡμέρᾳ WH </note>
<note>• κρίνει WH NA28 ] κρινεῖ Treg RP </note>
<note>• Χριστοῦ Ἰησοῦ WH NA28 ] Ἰησοῦ Χριστοῦ Treg NIV RP</note>

<verse>Romans 2:17</verse>
<note>17 Εἰ δὲ WH Treg NA28 ] Ἴδε RP </note>
<note>• νόμῳ WH Treg NA28 ] τῷ νόμῳ RP</note>

<verse>Romans 2:26</verse>
<note>26 οὐχ WH Treg NA28 ] οὐχὶ RP</note>

<verse>Romans 3:2</verse>
<note>3:2 γὰρ WH NA28 RP ] – Treg</note>

<verse>Romans 3:4</verse>
<note>4 καθὼς NA28 RP ] καθάπερ WH Treg </note>
<note>• νικήσεις WH NA28 ] νικήσῃς Treg RP</note>

<verse>Romans 3:7</verse>
<note>7 δὲ WH NA28 ] γὰρ Treg RP</note>

<verse>Romans 3:11</verse>
<note>11 ⸀ὁ Treg NA28 RP ] – WH </note>
<note>• ⸁ὁ Treg NA28 RP ] – WH</note>

<verse>Romans 3:12</verse>
<note>12 ἔστιν WH Treg RP ] + ὁ NA28</note>

<verse>Romans 3:22</verse>
<note>22 πάντας WH Treg NA28 ] καὶ ἐπὶ πάντας RP</note>

<verse>Romans 3:25</verse>
<note>25 διὰ WH Treg ] + τῆς NA28 RP</note>

<verse>Romans 3:26</verse>
<note>26 τὴν WH Treg NA28 ] – RP</note>

<verse>Romans 3:28</verse>
<note>28 γὰρ WH Treg NA28 ] οὖν RP </note>
<note>• δικαιοῦσθαι πίστει WH Treg NA28 ] πίστει δικαιοῦσθαι RP</note>

<verse>Romans 3:29</verse>
<note>29 οὐχὶ WH Treg NA28 ] + δὲ RP</note>

<verse>Romans 3:30</verse>
<note>30 εἴπερ WH Treg NA28 ] ἐπείπερ RP </note>

<verse>Romans 3:31</verse>
<note>31 ἱστάνομεν WH Treg NA28 ] ἱστῶμεν RP</note>

<verse>Romans 4:1</verse>
<note>4:1 εὑρηκέναι Treg NA28 ] – WH RP </note>
<note>• προπάτορα WH Treg NA28 ] πατέρα RP </note>
<note>• ἡμῶν WH Treg NA28 ] + εὑρηκέναι RP</note>

<verse>Romans 4:2</verse>
<note>2 πρὸς WH Treg NA28 ] + τὸν RP</note>

<verse>Romans 4:8</verse>
<note>8 οὗ WH Treg NA28 ] ᾧ RP</note>

<verse>Romans 4:9</verse>
<note>9 γάρ WH Treg NA28 ] + ὅτι RP</note>

<verse>Romans 4:11</verse>
<note>11 λογισθῆναι WH Treg NIV ] + καὶ RP NA28</note>

<verse>Romans 4:12</verse>
<note>12 ἐν ἀκροβυστίᾳ πίστεως WH Treg NA28 ] πίστεως τῆς ἐν τῇ ἀκροβυστίᾳ RP</note>

<verse>Romans 4:13</verse>
<note>13 εἶναι WH Treg NA28 ] + τοῦ RP</note>

<verse>Romans 4:15</verse>
<note>15 δὲ WH Treg NA28 ] γὰρ RP</note>

<verse>Romans 4:19</verse>
<note>19 πίστει WH Treg NA28 ] + οὐ RP </note>
<note>• σῶμα Holmes WHmarg ] + ἤδη WH Treg NA28 RP</note>

<verse>Romans 4:22</verse>
<note>22 διὸ Holmes WHmarg ] + καὶ WH Treg NA28 RP</note>

<verse>Romans 5:1</verse>
<note>5:1 ἔχομεν NA28 RP ] ἔχωμεν WH Treg</note>

<verse>Romans 5:3</verse>
<note>3 καυχώμεθα WH NA28 RP ] καυχώμενοι Treg</note>

<verse>Romans 5:6</verse>
<note>6 Ἔτι γὰρ Treg NA28 RP ] Εἴ γε WH </note>
<note>• ἔτι WH Treg NA28 ] – RP</note>

<verse>Romans 6:1</verse>
<note>6:1 ἐπιμένωμεν WH Treg NA28 ] Ἐπιμένομεν RP</note>

<verse>Romans 6:11</verse>
<note>11 εἶναι νεκροὺς μὲν WH Treg NA28 ] νεκροὺς μὲν εἶναι RP; νεκροὺς μὲν NIV </note>
<note>• Ἰησοῦ WH Treg NA28 ] + τῷ κυρίῳ ἡμῶν RP</note>

<verse>Romans 6:12</verse>
<note>12 ὑπακούειν WH Treg NA28 ] + αὐτῇ ἐν RP</note>

<verse>Romans 6:13</verse>
<note>13 ὡσεὶ WH Treg NA28 ] ὡς RP</note>

<verse>Romans 6:15</verse>
<note>15 ἁμαρτήσωμεν WH Treg NA28 ] Ἁμαρτήσομεν RP</note>

<verse>Romans 7:13</verse>
<note>7:13 ἐγένετο WH Treg NA28 ] γέγονεν RP</note>

<verse>Romans 7:14</verse>
<note>14 σάρκινός WH Treg NA28 ] σαρκικός RP</note>

<verse>Romans 7:17</verse>
<note>17 οἰκοῦσα Treg NA28 RP ] ἐνοικοῦσα WH</note>

<verse>Romans 7:18</verse>
<note>18 οὔ WH Treg NA28 ] + οὐχ εὑρίσκω RP</note>

<verse>Romans 7:20</verse>
<note>20 θέλω WH Treg ] + ἐγώ NA28 RP</note>

<verse>Romans 7:23</verse>
<note>23 ἐν WH Treg NA28 ] – RP</note>

<verse>Romans 7:25</verse>
<note>25 χάρις Treg ] χάρις δὲ WH NA28; εὐχαριστῶ RP</note>

<verse>Romans 8:1</verse>
<note>8:1 Ἰησοῦ WH Treg NA28 ] + μὴ κατὰ σάρκα περιπατοῦσιν ἀλλὰ κατὰ πνεῦμα RP</note>

<verse>Romans 8:2</verse>
<note>2 σε WH NA28 ] με Treg NIV RP</note>

<verse>Romans 8:11</verse>
<note>11 τὸν WH Treg NA28 ] – RP </note>
<note>• ἐκ νεκρῶν Χριστὸν Ἰησοῦν WH ] χριστὸν ἐκ νεκρῶν Treg NA28; τὸν χριστὸν ἐκ νεκρῶν RP </note>
<note>• τὸ ἐνοικοῦν αὐτοῦ πνεῦμα Treg RP ] τοῦ ἐνοικοῦντος αὐτοῦ πνεύματος WH NA28</note>

<verse>Romans 8:14</verse>
<note>14 υἱοί εἰσιν θεοῦ Treg ] υἱοὶ θεοῦ εἰσιν WH NA28; εἰσιν υἱοὶ θεοῦ RP</note>

<verse>Romans 8:20</verse>
<note>20 ἐφʼ WH NA28 ] ἐπʼ RP Treg</note>

<verse>Romans 8:23</verse>
<note>23 καὶ αὐτοὶ WH Treg RP NA28 ] – NIV </note>
<note>• ἡμεῖς καὶ WH Treg NA28 ] καὶ ἡμεῖς RP</note>

<verse>Romans 8:24</verse>
<note>24 τίς WH NA28 ] + τί Treg; + τί καὶ RP</note>

<verse>Romans 8:26</verse>
<note>26 τῇ ἀσθενείᾳ WH Treg NA28 ] ταῖς ἀσθενείαις RP </note>
<note>• προσευξώμεθα WH Treg NA28 ] προσευξόμεθα RP </note>
<note>• ὑπερεντυγχάνει WH Treg NA28 ] + ὑπὲρ ἡμῶν RP</note>

<verse>Romans 8:28</verse>
<note>28 συνεργεῖ Treg NA28 RP ] + ὁ θεὸς WH</note>

<verse>Romans 8:34</verse>
<note>34 κατακρινῶν WH NA28 ] κατακρίνων Treg RP </note>
<note>• Χριστὸς Treg RP ] + Ἰησοῦς WH NA28 </note>
<note>• δὲ WH Treg NA28 ] + καὶ RP </note>
<note>• ἐγερθείς Treg NA28 RP ] + ἐκ νεκρῶν WH </note>
<note>• καί Treg NA28 RP ] – WH</note>

<verse>Romans 8:38</verse>
<note>38 ἐνεστῶτα οὔτε μέλλοντα οὔτε δυνάμεις WH Treg NA28 ] δυνάμεις οὔτε ἐνεστῶτα οὔτε μέλλοντα RP</note>

<verse>Romans 9:3</verse>
<note>9:3 ἀνάθεμα εἶναι αὐτὸς ἐγὼ WH Treg NA28 ] αὐτὸς ἐγὼ ἀνάθεμα εἶναι RP</note>

<verse>Romans 9:11</verse>
<note>11 φαῦλον WH Treg NA28 ] κακόν RP</note>

<verse>Romans 9:13</verse>
<note>13 καθὼς Treg NA28 RP ] καθάπερ WH</note>

<verse>Romans 9:15</verse>
<note>15 Μωϋσεῖ γὰρ WH Treg NA28 ] γὰρ Μωϋσεῖ RP</note>

<verse>Romans 9:19</verse>
<note>19 μοι οὖν WH Treg NA28 ] οὖν μοι RP </note>
<note>• οὖν NA28 ] – WH Treg RP</note>

<verse>Romans 9:20</verse>
<note>20 ὦ ἄνθρωπε μενοῦνγε WH Treg NA28 ] Μενοῦνγε ὦ ἄνθρωπε RP</note>

<verse>Romans 9:23</verse>
<note>23 καὶ Treg NA28 RP ] – WH</note>

<verse>Romans 9:26</verse>
<note>26 αὐτοῖς WH NA28 RP ] – Treg</note>

<verse>Romans 9:27</verse>
<note>27 ὑπόλειμμα WH Treg NA28 ] κατάλειμμα RP</note>

<verse>Romans 9:28</verse>
<note>28 συντέμνων WH Treg NA28 ] + ἐν δικαιοσύνῃ ὅτι λόγον συντετμημένον RP</note>

<verse>Romans 9:31</verse>
<note>31 νόμον WH Treg NA28 ] + δικαιοσύνης RP</note>

<verse>Romans 9:32</verse>
<note>32 ἔργων WH Treg NA28 ] + νόμου RP </note>
<note>• προσέκοψαν WH Treg NA28 ] + γὰρ RP</note>

<verse>Romans 9:33</verse>
<note>33 καὶ WH Treg NA28 ] + πᾶς RP</note>

<verse>Romans 10:1</verse>
<note>10:1 δέησις WH Treg NA28 ] + ἡ RP </note>
<note>• αὐτῶν WH Treg NA28 ] τοῦ Ἰσραήλ ἐστιν RP</note>

<verse>Romans 10:3</verse>
<note>3 ἰδίαν WH Treg ] + δικαιοσύνην NA28 RP</note>

<verse>Romans 10:5</verse>
<note>5 ὅτι τὴν … νόμου WH ] τὴν … νόμου ὅτι Treg NA28 RP </note>
<note>• τοῦ NA28 RP ] – WH Treg </note>
<note>• ποιήσας WH ] + αὐτὰ Treg NA28 RP </note>
<note>• αὐτῇ WH Treg ] αὐτοῖς NA28 RP</note>

<verse>Romans 10:9</verse>
<note>9 ὁμολογήσῃς Treg NA28 RP ] + τὸ ῥῆμα WH </note>
<note>• σου Treg NA28 RP ] + ὅτι WH</note>

<verse>Romans 10:14</verse>
<note>14 ἐπικαλέσωνται WH Treg NA28 ] ἐπικαλέσονται RP </note>
<note>• πιστεύσωσιν WH Treg NA28 ] πιστεύσουσιν RP </note>
<note>• ἀκούσωσιν WH Treg NA28 ] ἀκούσουσιν RP</note>

<verse>Romans 10:15</verse>
<note>15 κηρύξωσιν WH Treg NA28 ] κηρύξουσιν RP </note>
<note>• καθὼς Treg NA28 RP ] καθάπερ WH </note>
<note>• εὐαγγελιζομένων WH Treg NA28 ] + εἰρήνην τῶν εὐαγγελιζομένων RP </note>
<note>• τὰ NA28 RP ] – WH Treg</note>

<verse>Romans 10:17</verse>
<note>17 Χριστοῦ WH Treg NA28 ] θεοῦ RP</note>

<verse>Romans 10:19</verse>
<note>19 Ἰσραὴλ οὐκ ἔγνω WH Treg NA28 ] οὐκ ἔγνω Ἰσραὴλ RP</note>

<verse>Romans 10:20</verse>
<note>20 ἐν Treg NA28 ] – WH RP </note>
<note>• ἐγενόμην WH NA28 RP ] + ἐν Treg</note>

<verse>Romans 11:2</verse>
<note>11:2 Ἰσραήλ WH Treg NA28 ] + λέγων RP</note>

<verse>Romans 11:3</verse>
<note>3 τὰ WH Treg NA28 ] καὶ τὰ RP</note>

<verse>Romans 11:6</verse>
<note>6 χάρις WH Treg NA28 ] + Εἰ δὲ ἐξ ἔργων οὐκέτι ἐστὶν χάρις ἐπεὶ τὸ ἔργον οὐκέτι ἐστὶν ἔργον RP</note>

<verse>Romans 11:8</verse>
<note>8 καθὼς NA28 RP ] καθάπερ WH Treg</note>

<verse>Romans 11:13</verse>
<note>13 δὲ WH Treg NA28 ] γὰρ RP </note>
<note>• οὖν WH Treg NA28 ] – RP</note>

<verse>Romans 11:17</verse>
<note>17 ῥίζης WH NA28 ] + καὶ Treg RP</note>

<verse>Romans 11:20</verse>
<note>20 ὑψηλὰ φρόνει WH Treg NA28 ] ὑψηλοφρόνει RP</note>

<verse>Romans 11:21</verse>
<note>21 οὐδὲ WH Treg NIV ] μήπως οὐδέ RP NA28</note>

<verse>Romans 11:22</verse>
<note>22 ἀποτομία WH Treg NA28 ] ἀποτομίαν RP </note>
<note>• χρηστότης θεοῦ WH Treg NA28 ] χρηστότητα RP </note>
<note>• ἐπιμένῃς WH Treg NA28 ] ἐπιμείνῃς RP</note>

<verse>Romans 11:23</verse>
<note>23 ἐπιμένωσι WH Treg NA28 ] ἐπιμείνωσιν RP </note>
<note>• ἐστιν ὁ θεὸς WH Treg NA28 ] ὁ θεὸς ἐστιν RP</note>

<verse>Romans 11:25</verse>
<note>25 ἦτε Holmes ] + ἐν WH Treg; + παρʼ NA28 RP</note>

<verse>Romans 11:26</verse>
<note>26 ῥυόμενος WH Treg NA28 ] + καὶ RP</note>

<verse>Romans 11:30</verse>
<note>30 γὰρ WH Treg NA28 ] + καὶ RP</note>

<verse>Romans 11:31</verse>
<note>31 νῦν WH NA28 ] – Treg RP</note>

<verse>Romans 12:1</verse>
<note>12:1 εὐάρεστον τῷ θεῷ Treg NA28 RP ] τῷ θεῷ εὐάρεστον WH</note>

<verse>Romans 12:2</verse>
<note>2 συσχηματίζεσθε WH Treg NA28 ] συσχηματίζεσθαι RP </note>
<note>• μεταμορφοῦσθε WH Treg NA28 ] μεταμορφοῦσθαι RP </note>
<note>• νοός WH Treg NA28 ] + ὑμῶν RP</note>

<verse>Romans 12:4</verse>
<note>4 πολλὰ μέλη WH Treg NA28 ] μέλη πολλὰ RP</note>

<verse>Romans 12:5</verse>
<note>5 τὸ WH Treg NA28 ] ὁ RP</note>

<verse>Romans 12:14</verse>
<note>14 διώκοντας WH ] + ὑμᾶς Treg NA28 RP</note>

<verse>Romans 12:15</verse>
<note>15 χαιρόντων WH Treg NA28 ] + καὶ RP</note>

<verse>Romans 12:20</verse>
<note>20 ἀλλὰ ἐὰν WH Treg NA28 ] Ἐὰν οὖν RP</note>

<verse>Romans 13:1</verse>
<note>13:1 οὖσαι WH Treg NA28 ] + ἐξουσίαι RP </note>
<note>• ὑπὸ WH Treg NA28 ] + τοῦ RP</note>

<verse>Romans 13:3</verse>
<note>3 τῷ ἀγαθῷ ἔργῳ WH Treg NA28 ] τῶν ἀγαθῶν ἔργων RP </note>
<note>• τῷ κακῷ WH Treg NA28 ] τῶν κακῶν RP</note>

<verse>Romans 13:7</verse>
<note>7 ἀπόδοτε WH Treg NA28 ] + οὖν RP</note>

<verse>Romans 13:8</verse>
<note>8 ἀλλήλους ἀγαπᾶν WH Treg NA28 ] ἀγαπᾶν ἀλλήλους RP</note>

<verse>Romans 13:9</verse>
<note>9 τῷ λόγῳ τούτῳ WH Treg NA28 ] τούτῳ τῷ λόγῳ RP </note>
<note>• ἐν τῷ WH Treg RP NA28 ] – NIV</note>

<verse>Romans 13:11</verse>
<note>11 ἤδη ὑμᾶς WH NA28 ] ἤδη ἡμᾶς Treg; ἡμᾶς ἤδη RP</note>

<verse>Romans 13:12</verse>
<note>12 ἀποβαλώμεθα Holmes ] ἀποθώμεθα WH Treg NA28 RP </note>
<note>• ἐνδυσώμεθα δὲ WH Treg NA28 ] καὶ ἐνδυσώμεθα RP</note>

<verse>Romans 14:3</verse>
<note>14:3 ὁ δὲ WH Treg NA28 ] καὶ ὁ RP</note>

<verse>Romans 14:4</verse>
<note>4 δυνατεῖ γὰρ WH Treg NA28 ] δυνατὸς γάρ ἐστιν RP </note>
<note>• κύριος WH Treg NA28 ] θεὸς RP</note>

<verse>Romans 14:5</verse>
<note>5 μὲν Treg NIV RP ] + γάρ WH NA28</note>

<verse>Romans 14:6</verse>
<note>6 φρονεῖ WH Treg NA28 ] + καὶ ὁ μὴ φρονῶν τὴν ἡμέραν κυρίῳ οὐ φρονεῖ RP</note>

<verse>Romans 14:9</verse>
<note>9 Χριστὸς WH Treg NA28 ] + καὶ RP </note>
<note>• ἀπέθανεν WH Treg NA28 ] + καὶ ἀνέστη RP</note>

<verse>Romans 14:10</verse>
<note>10 θεοῦ WH Treg NA28 ] χριστοῦ RP</note>

<verse>Romans 14:11</verse>
<note>11 πᾶσα γλῶσσα ἐξομολογήσεται WH NA28 RP ] ἐξομολογήσεται πᾶσα γλῶσσα Treg</note>

<verse>Romans 14:12</verse>
<note>12 ἄρα Treg ] + οὖν WH NA28 RP </note>
<note>• δώσει Holmes WHmarg ] + τῷ θεῷ WH NA28 RP; ἀποδώσει τῷ θεῷ Treg</note>

<verse>Romans 14:14</verse>
<note>14 ἑαυτοῦ WH NA28 ] αὐτοῦ Treg RP</note>

<verse>Romans 14:15</verse>
<note>15 γὰρ WH Treg NA28 ] δὲ RP</note>

<verse>Romans 14:18</verse>
<note>18 τούτῳ WH Treg NA28 ] τούτοις RP</note>

<verse>Romans 14:21</verse>
<note>21 ἢ σκανδαλίζεται ἢ ἀσθενεῖ Treg RP ] – WH NA28</note>

<verse>Romans 14:22</verse>
<note>22 ἣν WH Treg NA28 ] – RP</note>

<verse>Romans 14:23</verse>
<note>23 ἐστίν WH Treg NA28 ] + 24 Τῷ δὲ δυναμένῳ ὑμᾶς στηρίξαι κατὰ τὸ εὐαγγέλιόν μου καὶ τὸ κήρυγμα Ἰησοῦ Χριστοῦ, κατὰ ἀποκάλυψιν μυστηρίου χρόνοις αἰωνίοις σεσιγημένου, 25 φανερωθέντος δὲ νῦν διά τε γραφῶν προφητικῶν κατʼ ἐπιταγὴν τοῦ αἰωνίου θεοῦ εἰς ὑπακοὴν πίστεως εἰς πάντα τὰ ἔθνη γνωρισθέντος, 26 μόνῳ σοφῷ θεῷ, διὰ Ἰησοῦ χριστοῦ ᾧ ἡ δόξα εἰς τοὺς αἰῶνας· ἀμήν. RP</note>

<verse>Romans 15:4</verse>
<note>15:4 εἰς Treg NA28 RP ] πάντα εἰς WH </note>
<note>• ἐγράφη WH Treg NA28 ] προεγράφη RP</note>

<verse>Romans 15:5</verse>
<note>5 Χριστὸν Ἰησοῦν WH NA28 RP ] Ἰησοῦν Χριστὸν Treg</note>

<verse>Romans 15:7</verse>
<note>7 ὑμᾶς Treg NA28 RP ] ἡμᾶς WH </note>
<note>• τοῦ WH Treg NA28 ] – RP</note>

<verse>Romans 15:8</verse>
<note>8 γὰρ WH Treg NA28 ] δέ RP </note>
<note>• Χριστὸν WH Treg NA28 ] + Ἰησοῦν RP </note>
<note>• γεγενῆσθαι WH NA28 RP ] γένεσθαι Treg</note>

<verse>Romans 15:11</verse>
<note>11 πάντα τὰ ἔθνη τὸν κύριον WH Treg NA28 ] τὸν κύριον πάντα τὰ ἔθνη RP </note>
<note>• ἐπαινεσάτωσαν WH Treg NA28 ] ἐπαινέσατε RP</note>

<verse>Romans 15:14</verse>
<note>14 πάσης Treg RP ] + τῆς WH NA28 </note>
<note>• ἀλλήλους WH Treg NA28 ] ἄλλους RP</note>

<verse>Romans 15:15</verse>
<note>15 τολμηρότερον NA28 RP ] τολμηροτέρως WH Treg </note>
<note>• ὑμῖν WH Treg NA28 ] + ἀδελφοί RP </note>
<note>• ὑπὸ NA28 RP ] ἀπὸ WH Treg</note>

<verse>Romans 15:16</verse>
<note>16 Χριστοῦ Ἰησοῦ WH Treg NA28 ] Ἰησοῦ Χριστοῦ RP</note>

<verse>Romans 15:17</verse>
<note>17 τὴν WH Treg NA28 ] – RP</note>

<verse>Romans 15:18</verse>
<note>18 τι λαλεῖν WH Treg NA28 ] λαλεῖν τι RP</note>

<verse>Romans 15:19</verse>
<note>19 πνεύματος NIV ] + ἁγίου WH Treg; + θεοῦ RP NA28</note>

<verse>Romans 15:20</verse>
<note>20 φιλοτιμούμενον WH NA28 RP ] φιλοτιμοῦμαι Treg</note>

<verse>Romans 15:21</verse>
<note>21 Οἷς … αὐτοῦ ὄψονται Treg NA28 RP ] Ὄψονται οἷς … αὐτοῦ WH</note>

<verse>Romans 15:23</verse>
<note>23 ἱκανῶν WH Treg ] πολλῶν NA28 RP</note>

<verse>Romans 15:24</verse>
<note>24 ἂν WH Treg NA28 ] ἐὰν RP </note>
<note>• Σπανίαν WH Treg NA28 ] + ἐλεύσομαι πρὸς ὑμᾶς RP</note>

<verse>Romans 15:27</verse>
<note>27 εἰσὶν αὐτῶν WH Treg NA28 ] αὐτῶν εἰσὶν RP</note>

<verse>Romans 15:28</verse>
<note>28 εἰς WH Treg NA28 ] + τὴν RP</note>

<verse>Romans 15:29</verse>
<note>29 εὐλογίας WH Treg NA28 ] + τοῦ εὐαγγελίου τοῦ RP</note>

<verse>Romans 15:31</verse>
<note>31 καὶ WH Treg NA28 ] + ἵνα RP </note>
<note>• τοῖς ἁγίοις γένηται WH Treg NA28 ] γένηται τοῖς ἁγίοις RP</note>

<verse>Romans 15:32</verse>
<note>32 ἐλθὼν WH NA28 ] ἔλθω Treg RP </note>
<note>• θεοῦ WH NA28 ] + καὶ Treg RP</note>

<verse>Romans 16:1</verse>
<note>16:1 καὶ WH NA28 ] – Treg RP</note>

<verse>Romans 16:2</verse>
<note>2 αὐτὴν προσδέξησθε NA28 RP ] προσδέξησθε αὐτὴν WH Treg </note>
<note>• ἐμοῦ αὐτοῦ WH Treg NA28 ] αὐτοῦ ἐμοῦ RP</note>

<verse>Romans 16:5</verse>
<note>5 Ἀσίας WH Treg NA28 ] Ἀχαΐας RP</note>

<verse>Romans 16:6</verse>
<note>6 Μαριάμ RP ] Μαρίαν WH Treg NA28 </note>
<note>• ὑμᾶς WH Treg NA28 ] ἡμᾶς RP</note>

<verse>Romans 16:7</verse>
<note>7 Ἰουνίαν WH Treg RP ] Ἰουνιᾶν NA28 </note>
<note>• γέγοναν WH Treg NA28 ] γεγόνασιν RP</note>

<verse>Romans 16:8</verse>
<note>8 Ἀμπλιᾶτον WH NA28 Treg ] Ἀμπλίαν RP</note>

<verse>Romans 16:11</verse>
<note>11 συγγενῆ WH NA28 RP ] συγγενῆν Treg</note>

<verse>Romans 16:14</verse>
<note>14 Ἑρμῆν Πατροβᾶν Ἑρμᾶν WH Treg NA28 ] Ἑρμᾶν Πατρόβαν Ἑρμῆν RP</note>

<verse>Romans 16:16</verse>
<note>16 πᾶσαι WH Treg NA28 ] – RP</note>

<verse>Romans 16:17</verse>
<note>17 ἐκκλίνετε WH Treg NA28 ] ἐκκλίνατε RP</note>

<verse>Romans 16:18</verse>
<note>18 ἡμῶν WH Treg NA28 ] + Ἰησοῦ RP</note>

<verse>Romans 16:19</verse>
<note>19 ἐφʼ ὑμῖν οὖν χαίρω WH Treg NA28 ] Χαίρω οὖν τὸ ἐφʼ ὑμῖν RP </note>
<note>• σοφοὺς Treg NA28 ] + μὲν WH RP</note>

<verse>Romans 16:20</verse>
<note>20 Χριστοῦ Treg RP ] – WH NA28</note>

<verse>Romans 16:21</verse>
<note>21 Ἀσπάζεται WH Treg NA28 ] Ἀσπάζονται RP</note>

<verse>Romans 16:23</verse>
<note>23 ὅλης τῆς ἐκκλησίας WH Treg NA28 ] τῆς ἐκκλησίας ὅλης RP</note>

<verse>Romans 16:24</verse>
<note>24 Ἡ χάρις … ὑμῶν RP ] – WH Treg NA28 </note>
<note>• Ἀμήν RP ] 25 Τῷ δὲ δυναμένῳ ὑμᾶς στηρίξαι κατὰ τὸ εὐαγγέλιόν μου καὶ τὸ κήρυγμα Ἰησοῦ Χριστοῦ, κατὰ ἀποκάλυψιν μυστηρίου χρόνοις αἰωνίοις σεσιγημένου, 26 φανερωθέντος δὲ νῦν διά τε γραφῶν προφητικῶν κατʼ ἐπιταγὴν τοῦ αἰωνίου θεοῦ εἰς ὑπακοὴν πίστεως εἰς πάντα τὰ ἔθνη γνωρισθέντος, 27 μόνῳ σοφῷ θεῷ διὰ Ἰησοῦ Χριστοῦ ᾧ ἡ δόξα εἰς τοὺς αἰῶνας· ἀμήν. WH Treg NA28</note>
</book>
