<book>
<book-name>ΠΡΟΣ ΚΟΡΙΝΘΙΟΥΣ Α</book-name>

<verse>1 Corinthians 1:1</verse>
<note>1:1 Χριστοῦ Ἰησοῦ Treg NA28 ] Ἰησοῦ Χριστοῦ WH RP</note>

<verse>1 Corinthians 1:2</verse>
<note>2 ἡγιασμένοις ἐν Χριστῷ Ἰησοῦ τῇ οὔσῃ ἐν Κορίνθῳ Treg ] τῇ οὔσῃ ἐν Κορίνθῳ ἡγιασμένοις ἐν Χριστῷ Ἰησοῦ WH NA28 RP </note>
<note>• αὐτῶν WH Treg NA28 ] + τε RP</note>

<verse>1 Corinthians 1:4</verse>
<note>4 μου Treg NA28 RP ] – WH</note>

<verse>1 Corinthians 1:14</verse>
<note>14 εὐχαριστῶ WH NIV ] + τῷ θεῷ Treg RP NA28</note>

<verse>1 Corinthians 1:15</verse>
<note>15 ἐβαπτίσθητε WH Treg NA28 ] ἐβάπτισα RP</note>

<verse>1 Corinthians 1:20</verse>
<note>20 κόσμου WH Treg NA28 ] + τούτου RP</note>

<verse>1 Corinthians 1:22</verse>
<note>22 σημεῖα WH Treg NA28 ] σημεῖον RP</note>

<verse>1 Corinthians 1:23</verse>
<note>23 ἔθνεσιν WH Treg NA28 ] Ἕλλησιν RP</note>

<verse>1 Corinthians 1:25</verse>
<note>25 ἀνθρώπων WH Treg NA28 ] + ἐστίν RP</note>

<verse>1 Corinthians 1:27</verse>
<note>27 καταισχύνῃ τοὺς σοφούς WH Treg NA28 ] τοὺς σοφούς καταισχύνῃ RP</note>

<verse>1 Corinthians 1:28</verse>
<note>28 τὰ Treg NA28 ] καὶ τὰ WH RP</note>

<verse>1 Corinthians 1:30</verse>
<note>30 σοφία ἡμῖν WH Treg NA28 ] ἡμῖν σοφία RP</note>

<verse>1 Corinthians 2:1</verse>
<note>2:1 μαρτύριον Treg NIV RP ] μυστήριον WH NA28</note>

<verse>1 Corinthians 2:2</verse>
<note>2 τι εἰδέναι WH Treg NA28 ] τοῦ εἰδέναι τι RP</note>

<verse>1 Corinthians 2:4</verse>
<note>4 πειθοῖ σοφίας Holmes ] πειθοῖς σοφίας λόγοις WH Treg NA28; πειθοῖς ἀνθρωπίνης σοφίας λόγοις RP</note>

<verse>1 Corinthians 2:7</verse>
<note>7 θεοῦ σοφίαν WH Treg NA28 ] σοφίαν θεοῦ RP</note>

<verse>1 Corinthians 2:9</verse>
<note>9 ὅσα WH Treg ] ἃ NA28 RP</note>

<verse>1 Corinthians 2:10</verse>
<note>10 γὰρ WH ] δὲ Treg NA28 RP </note>
<note>• ἀπεκάλυψεν ὁ θεὸς WH Treg NA28 ] ὁ θεὸς ἀπεκάλυψεν RP </note>
<note>• πνεύματος WH Treg NA28 ] + αὐτοῦ RP</note>

<verse>1 Corinthians 2:11</verse>
<note>11 ἔγνωκεν WH Treg NA28 ] οἶδεν RP</note>

<verse>1 Corinthians 2:13</verse>
<note>13 πνεύματος WH Treg NA28 ] + ἁγίου RP</note>

<verse>1 Corinthians 2:15</verse>
<note>15 τὰ NA28 ] μὲν WH Treg RP</note>

<verse>1 Corinthians 3:1</verse>
<note>3:1 λαλῆσαι ὑμῖν WH Treg NA28 ] ὑμῖν λαλῆσαι RP </note>
<note>• σαρκίνοις WH Treg NA28 ] σαρκικοῖς RP</note>

<verse>1 Corinthians 3:2</verse>
<note>2 οὐ WH Treg NA28 ] καὶ οὐ RP </note>
<note>• οὐδὲ WH Treg NA28 ] οὖτε RP</note>

<verse>1 Corinthians 3:3</verse>
<note>3 ἔρις WH Treg NA28 ] + καὶ διχοστασίαι RP</note>

<verse>1 Corinthians 3:4</verse>
<note>4 οὐκ ἄνθρωποί WH Treg NA28 ] οὐχὶ σαρκικοί RP</note>

<verse>1 Corinthians 3:5</verse>
<note>5 Τί WH Treg NA28 ] Τίς RP </note>
<note>• Ἀπολλῶς τί δέ ἐστιν Παῦλος WH Treg NA28 ] Παῦλος τίς δὲ Ἀπολλώς RP </note>
<note>• διάκονοι WH Treg NA28 ] ἀλλʼ ἢ διάκονοι RP</note>

<verse>1 Corinthians 3:10</verse>
<note>10 ἔθηκα WH Treg NA28 ] τέθεικα RP</note>

<verse>1 Corinthians 3:12</verse>
<note>12 θεμέλιον WH Treg NA28 ] + τοῦτον RP </note>
<note>• χρυσόν ἄργυρον WH NA28 RP ] χρυσίον ἀργύριον Treg</note>

<verse>1 Corinthians 3:13</verse>
<note>13 αὐτὸ WH Treg NA28 ] – NIV RP</note>

<verse>1 Corinthians 3:16</verse>
<note>16 οἰκεῖ ἐν ὑμῖν Treg NA28 RP ] ἐν ὑμῖν οἰκεῖ WH</note>

<verse>1 Corinthians 3:22</verse>
<note>22 ὑμῶν WH Treg NA28 ] + ἐστιν RP</note>

<verse>1 Corinthians 4:2</verse>
<note>4:2 ὧδε WH Treg NA28 ] Ὃ δὲ RP</note>

<verse>1 Corinthians 4:6</verse>
<note>6 Ἀπολλῶν WH Treg NA28 ] Ἀπολλὼ RP </note>
<note>• ἃ WH Treg NA28 ] ὃ RP </note>
<note>• γέγραπται WH Treg NA28 ] + φρονεῖν RP</note>

<verse>1 Corinthians 4:9</verse>
<note>9 γάρ WH Treg NA28 ] + ὅτι NIV RP</note>

<verse>1 Corinthians 4:13</verse>
<note>13 δυσφημούμενοι WH NA28 ] βλασφημούμενοι Treg RP</note>

<verse>1 Corinthians 4:14</verse>
<note>14 νουθετῶν WH NA28 ] νουθετῶ Treg RP</note>

<verse>1 Corinthians 4:17</verse>
<note>17 μου τέκνον WH Treg NA28 ] τέκνον μου RP </note>
<note>• Ἰησοῦ WH NA28 ] – Treg RP</note>

<verse>1 Corinthians 5:1</verse>
<note>5:1 ἔθνεσιν WH Treg NA28 ] + ὀνομάζεται RP</note>

<verse>1 Corinthians 5:2</verse>
<note>2 ἀρθῇ WH Treg NA28 ] ἐξαρθῇ RP </note>
<note>• ποιήσας Treg RP ] πράξας WH NA28</note>

<verse>1 Corinthians 5:3</verse>
<note>3 ἀπὼν WH Treg NA28 ] ὡς ἀπὼν RP</note>

<verse>1 Corinthians 5:4</verse>
<note>4 ⸀Ἰησοῦ WH Treg NA28 ] + Χριστοῦ RP </note>
<note>• ⸁Ἰησοῦ WH Treg NA28 ] + Χριστοῦ RP</note>

<verse>1 Corinthians 5:5</verse>
<note>5 κυρίου WH NA28 ] + Ἰησοῦ Treg RP</note>

<verse>1 Corinthians 5:7</verse>
<note>7 ἡμῶν WH Treg NA28 ] + ὑπὲρ ἡμῶν RP</note>

<verse>1 Corinthians 5:10</verse>
<note>10 οὐ WH Treg NA28 ] καὶ οὐ RP </note>
<note>• καὶ WH Treg NA28 ] ἢ RP </note>
<note>• ὠφείλετε WH Treg NA28 ] ὀφείλετε RP</note>

<verse>1 Corinthians 5:12</verse>
<note>12 μοι WH Treg NA28 ] + καί RP</note>

<verse>1 Corinthians 5:13</verse>
<note>13 κρίνει WH Treg ] κρινεῖ NA28 RP </note>
<note>• ἐξάρατε WH Treg NA28 ] Καί ἐξαρεῖτε RP</note>

<verse>1 Corinthians 6:2</verse>
<note>6:2 ἢ WH Treg NA28 ] – RP</note>

<verse>1 Corinthians 6:5</verse>
<note>5 οὐδεὶς σοφὸς WH Treg NA28 ] σοφὸς οὐδὲ εἷς RP </note>
<note>• ἀδελφοῦ WH Treg NA28 RP ] + καὶ τοῦ ἀδελφοῦ em Holmes</note>

<verse>1 Corinthians 6:7</verse>
<note>7 οὖν WH Treg RP NA28 ] – NIV</note>

<verse>1 Corinthians 6:8</verse>
<note>8 τοῦτο WH Treg NA28 ] ταῦτα RP</note>

<verse>1 Corinthians 6:9</verse>
<note>9 θεοῦ βασιλείαν WH Treg NA28 ] βασιλείαν θεοῦ RP</note>

<verse>1 Corinthians 6:10</verse>
<note>10 κλέπται οὔτε πλεονέκται WH Treg NA28 ] πλεονέκται οὔτε κλέπται RP </note>
<note>• οὐ WH Treg NA28 ] οὔτε RP </note>
<note>• θεοῦ WH Treg NA28 ] + οὐ RP</note>

<verse>1 Corinthians 6:11</verse>
<note>11 Ἰησοῦ RP ] Ἰησοῦ Χριστοῦ Treg NA28; ἡμῶν Ἰησοῦ Χριστοῦ WH</note>

<verse>1 Corinthians 6:16</verse>
<note>16 ἢ WH Treg NA28 ] – RP</note>

<verse>1 Corinthians 6:20</verse>
<note>20 ὑμῶν WH Treg NA28 ] + καὶ ἐν τῷ πνεύματι ὑμῶν ἅτινά ἐστιν τοῦ θεοῦ RP</note>

<verse>1 Corinthians 7:1</verse>
<note>7:1 ἐγράψατε WH NA28 ] + μοι Treg RP</note>

<verse>1 Corinthians 7:3</verse>
<note>3 ὀφειλὴν WH Treg NA28 ] ὀφειλομένην εὔνοιαν RP</note>

<verse>1 Corinthians 7:5</verse>
<note>5 σχολάσητε WH Treg NA28 ]  σχολάζητε RP </note>
<note>• τῇ WH Treg NA28 ]  + νηστείᾳ καὶ τῇ RP </note>
<note>• ἦτε WH Treg NA28 ] συνέρχησθε RP</note>

<verse>1 Corinthians 7:7</verse>
<note>7 δὲ WH Treg NA28 ] γὰρ RP </note>
<note>• ἔχει χάρισμα WH Treg NA28 ] χάρισμα ἔχει RP </note>
<note>• ⸀ὁ WH Treg NA28 ] ὃς RP </note>
<note>• ⸁ὁ WH Treg NA28 ] ὃς RP</note>

<verse>1 Corinthians 7:8</verse>
<note>8 αὐτοῖς WH Treg NA28 ] + ἐστιν RP</note>

<verse>1 Corinthians 7:9</verse>
<note>9 γαμῆσαι Treg NA28 RP ] γαμεῖν WH</note>

<verse>1 Corinthians 7:12</verse>
<note>12 λέγω ἐγώ WH Treg NA28 ] ἐγώ λέγω RP</note>

<verse>1 Corinthians 7:13</verse>
<note>13 εἴ τις NA28 ] ἥτις WH Treg RP </note>
<note>• οὗτος WH Treg NA28 ] αὑτὸς RP </note>
<note>• τὸν ἄνδρα WH Treg NA28 ] αὐτόν RP</note>

<verse>1 Corinthians 7:14</verse>
<note>14 ἀδελφῷ WH Treg NA28 ] ἀνδρί RP</note>

<verse>1 Corinthians 7:15</verse>
<note>15 ἡμᾶς Treg NIV RP ] ὑμᾶς WH NA28</note>

<verse>1 Corinthians 7:17</verse>
<note>17 ἐμέρισεν NA28 RP ] μεμέρικεν WH Treg </note>
<note>• κύριος WH Treg NA28 ] θεός RP </note>
<note>• θεός WH Treg NA28 ] κύριος RP</note>

<verse>1 Corinthians 7:18</verse>
<note>18 κέκληταί τις WH Treg NA28 ] τις ἐκλήθη RP</note>

<verse>1 Corinthians 7:22</verse>
<note>22 ὁμοίως WH Treg NA28 ] + καὶ RP</note>

<verse>1 Corinthians 7:28</verse>
<note>28 γαμήσῃς WH Treg NA28 ] γήμῃς RP</note>

<verse>1 Corinthians 7:29</verse>
<note>29 ἐστίν τὸ λοιπὸν WH Treg NA28 ] τὸ λοιπὸν ἐστίν RP</note>

<verse>1 Corinthians 7:31</verse>
<note>31 τὸν κόσμον WH Treg NA28 ] τῷ κόσμῳ τούτῳ RP</note>

<verse>1 Corinthians 7:32</verse>
<note>32 ἀρέσῃ WH Treg NA28 ] ἀρέσει RP</note>

<verse>1 Corinthians 7:33</verse>
<note>33 ἀρέσῃ WH Treg NA28 ] ἀρέσει RP</note>

<verse>1 Corinthians 7:34</verse>
<note>34 καὶ WH Treg NA28 ] – RP </note>
<note>• ἡ ἄγαμος WH Treg NA28 ] – RP</note>
<note>• παρθένος WH Treg NA28 ] + Ἡ ἄγαμος RP </note>
<note>• ⸀τῷ WH Treg NA28 ] – RP </note>
<note>• ⸁τῷ WH Treg NA28 ] – RP </note>
<note>• ἀρέσῃ WH Treg NA28 ] ἀρέσει RP</note>

<verse>1 Corinthians 7:35</verse>
<note>35 σύμφορον WH Treg NA28 ] συμφέρον RP </note>
<note>• εὐπάρεδρον WH Treg NA28 ] εὐπρόσεδρον RP</note>

<verse>1 Corinthians 7:37</verse>
<note>37 ἐν τῇ καρδίᾳ αὐτοῦ ἑδραῖος WH Treg NA28 ] ἑδραῖος ἐν τῇ καρδίᾳ RP </note>
<note>• ἰδίᾳ καρδίᾳ WH Treg NA28 ] καρδίᾳ αὐτοῦ RP </note>
<note>• τηρεῖν WH Treg NA28 ] τοῦ τηρεῖν RP </note>
<note>• ποιήσει WH Treg NA28 ] ποιεῖ RP</note>

<verse>1 Corinthians 7:38</verse>
<note>38 ⸀γαμίζων WH Treg NA28 ] ἐκγαμίζων RP </note>
<note>• τὴν παρθένον ἑαυτοῦ Treg ] τὴν ἑαυτοῦ παρθένον WH NA28; – RP </note>
<note>• καὶ ὁ WH Treg NA28 ] ὁ δὲ RP </note>
<note>• ⸁γαμίζων WH Treg NA28 ] ἑκγαμίζων RP </note>
<note>• ποιήσει WH Treg NA28 ] ποιεῖ RP</note>

<verse>1 Corinthians 7:39</verse>
<note>39 δέδεται WH Treg NA28 ] + νόμῳ RP </note>
<note>• δὲ WH Treg NA28 ] + καί RP</note>

<verse>1 Corinthians 7:40</verse>
<note>40 δὲ Treg NA28 RP ] γὰρ WH</note>

<verse>1 Corinthians 8:2</verse>
<note>8:2 εἴ WH Treg NA28 ] + δέ RP </note>
<note>• ἐγνωκέναι WH Treg NA28 ] εἰδέναι RP </note>
<note>• οὔπω WH Treg NA28 ] οὐδέπω οὐδὲν RP </note>
<note>• ἔγνω WH Treg NA28 ] ἔγνωκεν RP</note>

<verse>1 Corinthians 8:4</verse>
<note>4 θεὸς WH Treg NA28 ] + ἕτερος RP</note>

<verse>1 Corinthians 8:7</verse>
<note>7 συνηθείᾳ WH Treg NA28 ] συνειδήσει RP </note>
<note>• ἕως ἄρτι τοῦ εἰδώλου WH Treg NA28 ] τοῦ εἰδώλου ἕως ἄρτι RP</note>

<verse>1 Corinthians 8:8</verse>
<note>8 παραστήσει WH Treg NA28 ] παρίστησιν RP </note>
<note>• γὰρ ἐὰν φάγωμεν, περισσεύομεν, οὔτε ἐὰν μὴ φάγωμεν, ὑστερούμεθα RP ] ἐὰν μὴ φάγωμεν, ὑστερούμεθα, οὔτε ἐὰν φάγωμεν, περισσεύομεν WH NA28; ἐὰν μὴ φάγωμεν, ὑστερούμεθα, οὔτε ἐὰν φάγωμεν, περισσεύομεθα Treg</note>

<verse>1 Corinthians 8:9</verse>
<note>9 ἀσθενέσιν WH Treg NA28 ] ἀσθενοῦσιν RP</note>

<verse>1 Corinthians 8:11</verse>
<note>11 ἀπόλλυται γὰρ WH Treg NA28 ] Καὶ ἀπολεῖται RP </note>
<note>• ἐν WH Treg NA28 ] ἀδελφὸς ἐπὶ RP </note>
<note>• ὁ ἀδελφὸς WH Treg NA28 ] – RP</note>

<verse>1 Corinthians 9:1</verse>
<note>9:1 ἐλεύθερος οὐκ εἰμὶ ἀπόστολος WH Treg NA28 ] ἀπόστολος οὐκ εἰμὶ ἐλεύθερος RP </note>
<note>• Ἰησοῦν WH Treg NA28 ] + Χριστὸν RP</note>

<verse>1 Corinthians 9:2</verse>
<note>2 μου τῆς WH Treg NA28 ] τῆς μου RP</note>

<verse>1 Corinthians 9:3</verse>
<note>3 ἐστιν αὕτη WH Treg NA28 ] αὕτη ἐστιν RP</note>

<verse>1 Corinthians 9:4</verse>
<note>4 πεῖν WH NA28 ] πιεῖν Treg RP</note>

<verse>1 Corinthians 9:6</verse>
<note>6 μὴ WH Treg NA28 ] τοῦ μὴ RP</note>

<verse>1 Corinthians 9:7</verse>
<note>7 τὸν καρπὸν WH Treg NA28 ] ἐκ τοῦ καρποῦ RP </note>
<note>• τίς Holmes Tregmarg ] ἢ τίς WH Treg NA28 RP</note>

<verse>1 Corinthians 9:8</verse>
<note>8 καὶ … ταῦτα οὐ WH Treg NA28 ] οὐχὶ καὶ … ταῦτα RP</note>

<verse>1 Corinthians 9:9</verse>
<note>9 κημώσεις Treg NA28 ] φιμώσεις WH RP</note>

<verse>1 Corinthians 9:10</verse>
<note>10 ὀφείλει ἐπʼ ἐλπίδι WH Treg NA28 ] ἐπʼ ἐλπίδι ὀφείλει RP </note>
<note>• ἐπʼ ἐλπίδι τοῦ μετέχειν WH Treg NA28 ] τῆς ἐλπίδος αὐτοῦ μετέχειν ἐπʼ ἐλπίδι RP</note>

<verse>1 Corinthians 9:12</verse>
<note>12 ὑμῶν ἐξουσίας WH Treg NA28 ] ἐξουσίας ὑμῶν RP </note>
<note>• τινα ἐγκοπὴν WH Treg NA28 ] ἐγκοπὴν τινα RP</note>

<verse>1 Corinthians 9:13</verse>
<note>13 τὰ WH Treg NA28 ] – RP </note>
<note>• παρεδρεύοντες WH Treg NA28 ] προσεδρεύοντες RP</note>

<verse>1 Corinthians 9:15</verse>
<note>15 οὐ κέχρημαι οὐδενὶ WH Treg NA28 ] οὐδενὶ ἐχρησάμην RP </note>
<note>• οὐδεὶς κενώσει WH Treg NA28 ] ἵνα τις κενώσῃ RP</note>

<verse>1 Corinthians 9:16</verse>
<note>16 γάρ WH Treg NA28 ] δέ RP </note>
<note>• εὐαγγελίσωμαι WH Treg NA28 ] εὐαγγελίζωμαι RP</note>

<verse>1 Corinthians 9:18</verse>
<note>18 μού WH Treg NA28 ] μοί RP </note>
<note>• εὐαγγέλιον WH Treg NA28 ] + τοῦ Χριστοῦ RP</note>

<verse>1 Corinthians 9:20</verse>
<note>20 μὴ ὢν αὐτὸς ὑπὸ νόμον WH Treg NA28 ] – RP</note>

<verse>1 Corinthians 9:21</verse>
<note>21 θεοῦ WH Treg NA28 ] θεῷ RP </note>
<note>• Χριστοῦ WH Treg NA28 ] Χριστῷ RP </note>
<note>• κερδάνω WH Treg NA28 ] κερδήσω RP </note>
<note>• τοὺς WH Treg NA28 ] – RP</note>

<verse>1 Corinthians 9:22</verse>
<note>22 ἀσθενέσιν WH Treg NA28 ] + ὡς RP </note>
<note>• γέγονα WH Treg NA28 ] + τὰ RP</note>

<verse>1 Corinthians 9:23</verse>
<note>23 πάντα WH Treg NA28 ] Τοῦτο RP</note>

<verse>1 Corinthians 10:1</verse>
<note>10:1 γὰρ WH Treg NA28 ] δὲ RP</note>

<verse>1 Corinthians 10:2</verse>
<note>2 ἐβαπτίσαντο WH Treg RP ] ἐβαπτίσθησαν NA28</note>

<verse>1 Corinthians 10:3</verse>
<note>3 πνευματικὸν βρῶμα WH Treg NA28 ] βρῶμα πνευματικὸν RP</note>

<verse>1 Corinthians 10:4</verse>
<note>4 πνευματικὸν ἔπιον πόμα WH Treg NA28 ] πόμα πνευματικὸν ἔπιον RP </note>
<note>• πέτρα δὲ WH Treg NA28 ] δὲ πέτρα RP</note>

<verse>1 Corinthians 10:9</verse>
<note>9 Χριστόν RP NA28 ] κύριον WH Treg NIV </note>
<note>• καθώς WH Treg NA28 ] + καί RP </note>
<note>• ἀπώλλυντο WH Treg NA28 ] ἀπώλοντο RP</note>

<verse>1 Corinthians 10:10</verse>
<note>10 καθάπερ WH Treg NA28 ] καθὼς καί RP</note>

<verse>1 Corinthians 10:11</verse>
<note>11 δὲ WH Treg NA28 ] + πάντα RP </note>
<note>• τυπικῶς συνέβαινεν WH Treg NA28 ] τύποι συνέβαινον RP </note>
<note>• κατήντηκεν WH Treg NA28 ] κατήντησεν RP</note>

<verse>1 Corinthians 10:13</verse>
<note>13 δύνασθαι WH Treg NA28 ] + ὑμᾶς RP</note>

<verse>1 Corinthians 10:16</verse>
<note>16 ἐστὶν τοῦ αἵματος τοῦ Χριστοῦ WH Treg NA28 ] τοῦ αἵματος τοῦ Χριστοῦ ἐστὶν RP</note>

<verse>1 Corinthians 10:18</verse>
<note>18 οὐχ WH NA28 ] οὐχὶ RP Treg</note>

<verse>1 Corinthians 10:19</verse>
<note>19 εἰδωλόθυτόν τί … ὅτι εἴδωλόν WH Treg NA28 ] εἴδωλόν τί … ὅτι εἰδωλόθυτόν RP</note>

<verse>1 Corinthians 10:20</verse>
<note>20 θύουσιν NA28 ] θύουσιν τὰ ἔθνη WH Treg; θύει τὰ ἔθνη RP </note>
<note>• καὶ οὐ θεῷ θύουσιν WH Treg NA28 ] θύει καὶ οὐ θεῷ RP</note>

<verse>1 Corinthians 10:23</verse>
<note>23 ⸀Πάντα WH Treg NA28 ] + μοι RP </note>
<note>• ⸁πάντα WH Treg NA28 ] + μοι RP</note>

<verse>1 Corinthians 10:24</verse>
<note>24 ἑτέρου WH Treg NA28 ] + ἕκαστος RP</note>

<verse>1 Corinthians 10:26</verse>
<note>26 κυρίου γὰρ WH Treg NA28 ] γὰρ κυρίου RP</note>

<verse>1 Corinthians 10:27</verse>
<note>27 εἴ WH Treg NA28 ] + δέ RP</note>

<verse>1 Corinthians 10:28</verse>
<note>28 ἱερόθυτόν WH Treg NA28 ] εἰδωλόθυτόν RP </note>
<note>• συνείδησιν WH Treg NA28 ] + Τοῦ γὰρ κυρίου ἡ γῆ καὶ τὸ πλήρωμα αὐτῆς RP</note>

<verse>1 Corinthians 10:32</verse>
<note>32 καὶ Ἰουδαίοις γίνεσθε WH Treg NA28 ] γίνεσθε καὶ Ἰουδαίοις RP</note>

<verse>1 Corinthians 10:33</verse>
<note>33 σύμφορον WH Treg NA28 ] συμφέρον RP</note>

<verse>1 Corinthians 11:2</verse>
<note>11:2 ὑμᾶς WH Treg NA28 ] + ἀδελφοί RP</note>

<verse>1 Corinthians 11:3</verse>
<note>3 τοῦ WH Treg NA28 ] – RP</note>

<verse>1 Corinthians 11:5</verse>
<note>5 αὐτῆς WH Treg NA28 ] ἑαυτῆς RP</note>

<verse>1 Corinthians 11:7</verse>
<note>7 ἡ WH Treg NA28 ] – RP</note>

<verse>1 Corinthians 11:11</verse>
<note>11 γυνὴ χωρὶς ἀνδρὸς οὔτε ἀνὴρ χωρὶς γυναικὸς WH Treg NA28 ] ἀνὴρ χωρὶς γυναικὸς οὔτε γυνὴ χωρὶς ἀνδρὸς RP</note>

<verse>1 Corinthians 11:14</verse>
<note>14 οὐδὲ WH Treg NA28 ] ἢ οὐδὲ RP </note>
<note>• ἡ φύσις αὐτὴ WH Treg NA28 ] αὐτὴ ἡ φύσις RP</note>

<verse>1 Corinthians 11:15</verse>
<note>15 δέδοται RP ] + αὐτῇ WH Treg NA28</note>

<verse>1 Corinthians 11:17</verse>
<note>17 παραγγέλλων οὐκ ἐπαινῶ WH NA28 RP ] παραγγέλλω οὐκ ἐπαινῶν Treg</note>

<verse>1 Corinthians 11:19</verse>
<note>19 καὶ WH Treg NA28 ] – RP</note>

<verse>1 Corinthians 11:22</verse>
<note>22 εἴπω ὑμῖν WH Treg NA28 ] ὑμῖν εἴπω RP</note>

<verse>1 Corinthians 11:23</verse>
<note>23 παρεδίδετο WH Treg NA28 ] παρεδίδοτο RP</note>

<verse>1 Corinthians 11:24</verse>
<note>24 εἶπεν WH Treg NA28 ] + Λάβετε φάγετε RP </note>
<note>• ὑμῶν WH Treg NA28 ] + κλώμενον RP</note>

<verse>1 Corinthians 11:25</verse>
<note>25 ἐὰν WH Treg NA28 ] ἂν RP</note>

<verse>1 Corinthians 11:26</verse>
<note>26 ἐὰν WH Treg NA28 ] ἂν RP </note>
<note>• ποτήριον WH Treg NA28 ] + τοῦτο RP </note>
<note>• οὗ WH Treg NA28 ] + ἂν RP</note>

<verse>1 Corinthians 11:27</verse>
<note>27 ἄρτον WH Treg NA28 ] + τοῦτον RP </note>
<note>• ἀναξίως WH Treg NA28 ] + τοῦ κυρίου RP</note>

<verse>1 Corinthians 11:29</verse>
<note>29 πίνων WH Treg NA28 ] + ἀναξίως RP </note>
<note>• σῶμα WH Treg NA28 ] + τοῦ κυρίου NIV RP</note>

<verse>1 Corinthians 11:31</verse>
<note>31 δὲ WH Treg NA28 ] γὰρ RP</note>

<verse>1 Corinthians 11:32</verse>
<note>32 ὑπὸ RP ] + τοῦ WH Treg NA28</note>

<verse>1 Corinthians 11:34</verse>
<note>34 εἴ WH Treg NA28 ] + δέ RP</note>

<verse>1 Corinthians 12:3</verse>
<note>12:3 Ἰησοῦς WH Treg NA28 ] Ἰησοῦν RP </note>
<note>• Κύριος Ἰησοῦς WH Treg NA28 ] Κύριον Ἰησοῦν RP</note>

<verse>1 Corinthians 12:6</verse>
<note>6 ὁ δὲ Treg NA28 RP ] καὶ ὁ WH </note>
<note>• αὐτὸς WH Treg NA28 ] + ἐστιν RP</note>

<verse>1 Corinthians 12:9</verse>
<note>9 ἑτέρῳ WH Treg NA28 ] + δὲ RP </note>
<note>• ἄλλῳ Holmes ] + δὲ WH Treg NA28 RP </note>
<note>• ἑνὶ WH Treg NA28 ] αὐτῷ RP </note>

<verse>1 Corinthians 12:10</verse>
<note>10 ⸀ἄλλῳ Holmes ] + δὲ WH Treg NA28 RP </note>
<note>• ⸁ἄλλῳ Treg ] + δὲ WH NA28 RP </note>
<note>• ⸀1 ἄλλῳ Treg ] + δὲ WH NA28 RP </note>
<note>• ἑτέρῳ WH Treg NA28 ] + δὲ RP </note>
<note>• ⸀2 ἄλλῳ Holmes ] + δὲ WH Treg NA28 RP</note>

<verse>1 Corinthians 12:12</verse>
<note>12 πολλὰ ἔχει WH Treg NA28 ] ἔχει πολλὰ RP </note>
<note>• σώματος WH Treg NA28 ] + τοῦ ἑνός RP</note>

<verse>1 Corinthians 12:13</verse>
<note>13 πάντες WH Treg NA28 ] + εἰς RP</note>

<verse>1 Corinthians 12:18</verse>
<note>18 νυνὶ NA28 RP ] νῦν WH Treg</note>

<verse>1 Corinthians 12:20</verse>
<note>20 μὲν Treg NA28 RP ] – WH</note>

<verse>1 Corinthians 12:24</verse>
<note>24 ἔχει WH Treg RP NA28 ] + τιμῆς NIV </note>
<note>• ὑστεροῦντι RP ] ὑστερουμένῳ WH Treg NA28</note>

<verse>1 Corinthians 12:25</verse>
<note>25 σχίσμα WH Treg NA28 ] σχίσματα RP</note>

<verse>1 Corinthians 12:26</verse>
<note>26 εἴτε WH NA28 RP ] εἴ τι Treg </note>
<note>• μέλος WH Treg ] ἓν μέλος NA28 RP</note>

<verse>1 Corinthians 12:28</verse>
<note>28 ἔπειτα WH Treg NA28 ] εἶτα RP</note>

<verse>1 Corinthians 12:31</verse>
<note>31 μείζονα WH Treg NA28 ] κρείττονα RP</note>

<verse>1 Corinthians 13:2</verse>
<note>13:2 ⸂καὶ ἐὰν⸃ Treg NA28 RP ] κἂν WH </note>
<note>• ⸄καὶ ἐὰν⸅ NA28 RP ] κἂν WH Treg </note>
<note>• μεθιστάναι Treg NA28 ] μεθιστάνειν WH RP</note>

<verse>1 Corinthians 13:3</verse>
<note>3 ⸂καὶ ἐὰν⸃ RP ] κἂν WH Treg NA28 </note>
<note>• ⸄καὶ ἐὰν⸅ Treg NA28 RP ] κἂν WH </note>
<note>• καυθήσομαι NIV ] καυθήσωμαι Treg RP; καυχήσωμαι WH NA28</note>

<verse>1 Corinthians 13:4</verse>
<note>4 ἡ ἀγάπη Treg NA28 RP ] – WH</note>

<verse>1 Corinthians 13:8</verse>
<note>8 πίπτει WH Treg NA28 ] ἐκπίπτει RP</note>

<verse>1 Corinthians 13:9</verse>
<note>9 γὰρ WH Treg NA28 ] δὲ RP</note>

<verse>1 Corinthians 13:10</verse>
<note>10 τὸ WH Treg NA28 ] τότε τὸ RP</note>

<verse>1 Corinthians 13:11</verse>
<note>11 ἐλάλουν … ἐλογιζόμην ὡς νήπιος WH Treg NA28 ] ὡς νήπιος ἐλάλουν … ἐλογιζόμην RP </note>
<note>• ὅτε WH Treg NA28 ] + δὲ RP</note>

<verse>1 Corinthians 14:2</verse>
<note>14:2 ἀλλὰ WH Treg NA28 ] + τῷ RP</note>

<verse>1 Corinthians 14:5</verse>
<note>5 δὲ WH Treg NA28 ] γὰρ RP </note>
<note>• διερμηνεύῃ WH Treg NA28 ] διερμηνεύει RP</note>

<verse>1 Corinthians 14:6</verse>
<note>6 Νῦν WH Treg NA28 ] Νυνὶ RP</note>

<verse>1 Corinthians 14:7</verse>
<note>7 δῷ WH Treg NA28 ] διδῶ RP</note>

<verse>1 Corinthians 14:8</verse>
<note>8 φωνὴν σάλπιγξ Treg RP ] σάλπιγξ φωνὴν WH NA28</note>

<verse>1 Corinthians 14:10</verse>
<note>10 εἰσιν WH Treg NA28 ] ἐστὶν RP </note>
<note>• οὐδὲν WH Treg NA28 ] + αὐτῶν RP</note>

<verse>1 Corinthians 14:13</verse>
<note>13 Διὸ WH Treg NA28 ] Διόπερ RP</note>

<verse>1 Corinthians 14:16</verse>
<note>16 εὐλογῇς WH Treg NA28 ] εὐλογήσῃς RP </note>
<note>• πνεύματι Treg ] ἐν πνεύματι WH NA28; τῷ πνεύματι RP</note>

<verse>1 Corinthians 14:18</verse>
<note>18 θεῷ WH Treg NA28 ] + μου RP </note>
<note>• γλώσσαις WH NA28 RP ] γλώσσῃ Treg </note>
<note>• λαλῶ WH Treg NA28 ] λαλῶν RP</note>

<verse>1 Corinthians 14:19</verse>
<note>19 τῷ νοΐ WH Treg NA28 ] διὰ τοῦ νοός RP</note>

<verse>1 Corinthians 14:21</verse>
<note>21 ἑτέρων WH Treg NA28 ] ἑτέροις RP</note>

<verse>1 Corinthians 14:23</verse>
<note>23 λαλῶσιν γλώσσαις WH Treg NA28 ] γλώσσαις λαλῶσιν RP</note>

<verse>1 Corinthians 14:25</verse>
<note>25 τὰ WH Treg NA28 ] καὶ οὕτως τὰ RP </note>
<note>• Ὄντως ὁ θεὸς WH Treg NA28 ] Ὁ θεὸς ὄντως RP</note>

<verse>1 Corinthians 14:26</verse>
<note>26 ἕκαστος WH Treg NA28 ] +ὑμῶν RP </note>
<note>• ἀποκάλυψιν ἔχει γλῶσσαν WH Treg NA28 ] γλῶσσαν ἀποκάλυψιν ἔχει RP</note>

<verse>1 Corinthians 14:28</verse>
<note>28 διερμηνευτής WH NA28 RP ] ἑρμηνευτής Treg</note>

<verse>1 Corinthians 14:34</verse>
<note>34 γυναῖκες WH Treg NA28 ] + ὑμῶν RP </note>
<note>• ἐπιτρέπεται WH Treg NA28 ] ἐπιτέτραπται RP </note>
<note>• ὑποτασσέσθωσαν WH Treg NA28 ] ὑποτάσσεσθαι RP</note>

<verse>1 Corinthians 14:35</verse>
<note>35 μαθεῖν Treg NA28 RP ] μανθάνειν WH </note>
<note>• λαλεῖν ἐν ἐκκλησίᾳ WH Treg NA28 ] ἐν ἐκκλησίᾳ λαλεῖν RP</note>

<verse>1 Corinthians 14:37</verse>
<note>37 ἐστίν Holmes ] ἐστὶν ἐντολή WH Treg NA28; εἰσὶν ἐντολαί RP</note>

<verse>1 Corinthians 14:38</verse>
<note>38 ἀγνοεῖται WH NA28 ] ἀγνοείτω Treg RP</note>

<verse>1 Corinthians 14:39</verse>
<note>39 μου WH Treg NA28 ] – RP </note>
<note>• μὴ κωλύετε γλώσσαις WH Treg NA28 ] γλώσσαις μὴ κωλύετε RP</note>

<verse>1 Corinthians 14:40</verse>
<note>40 δὲ WH Treg NA28 ] – RP</note>

<verse>1 Corinthians 15:4</verse>
<note>15:4 ἡμέρᾳ τῇ τρίτῃ WH Treg NA28 ] τρίτῃ ἡμέρᾳ RP</note>

<verse>1 Corinthians 15:6</verse>
<note>6 πλείονες WH Treg NA28 ] πλείους RP </note>
<note>• δὲ WH Treg NA28 ] + καὶ RP</note>

<verse>1 Corinthians 15:10</verse>
<note>10 ἡ NA28 RP ] – WH Treg</note>

<verse>1 Corinthians 15:12</verse>
<note>12 ἐν ὑμῖν τινες WH Treg NA28 ] τινες ἐν ὑμῖν RP</note>

<verse>1 Corinthians 15:14</verse>
<note>14 ἄρα WH Treg RP ] + καὶ NA28 </note>
<note>• κενὴ WH Treg NA28 ] + δὲ RP </note>
<note>• ὑμῶν Treg NA28 RP ] ἡμῶν WH</note>

<verse>1 Corinthians 15:17</verse>
<note>17 ὑμῶν Treg NA28 RP ] + ἐστίν WH</note>

<verse>1 Corinthians 15:19</verse>
<note>19 ἐν Χριστῷ ἠλπικότες ἐσμὲν WH Treg NA28 ] ἠλπικότες ἐσμὲν ἐν Χριστῷ RP</note>

<verse>1 Corinthians 15:20</verse>
<note>20 κεκοιμημένων WH Treg NA28 ] + ἐγένετο RP</note>

<verse>1 Corinthians 15:21</verse>
<note>21 θάνατος WH Treg NA28 ] ὁ θάνατος RP</note>

<verse>1 Corinthians 15:24</verse>
<note>24 παραδιδῷ WH NA28 ] παραδιδοῖ Treg; παραδῷ RP </note>

<verse>1 Corinthians 15:25</verse>
<note>25 οὗ WH Treg NA28 ] + ἄν RP</note>

<verse>1 Corinthians 15:28</verse>
<note>28 τότε Treg NIV ] + καὶ WH RP NA28 </note>
<note>• πάντα WH Treg NIV ] τὰ πάντα RP NA28</note>

<verse>1 Corinthians 15:29</verse>
<note>29 αὐτῶν WH Treg NA28 ] τῶν νεκρῶν RP</note>

<verse>1 Corinthians 15:31</verse>
<note>31 καύχησιν RP ] + ἀδελφοί WH Treg NA28</note>

<verse>1 Corinthians 15:34</verse>
<note>34 λαλῶ WH Treg NA28 ] λέγω RP</note>

<verse>1 Corinthians 15:36</verse>
<note>36 ἄφρων WH Treg NA28 ] Ἄφρον RP</note>

<verse>1 Corinthians 15:38</verse>
<note>38 δίδωσιν αὐτῷ WH Treg NA28 ] αὐτῷ δίδωσιν RP </note>
<note>• ἴδιον WH Treg NA28 ] τὸ  ἴδιον RP</note>

<verse>1 Corinthians 15:39</verse>
<note>39 σὰρξ πτηνῶν WH Treg NA28 ] ἰχθύων RP </note>
<note>• ἰχθύων WH Treg NA28 ] πτηνῶν RP</note>

<verse>1 Corinthians 15:44</verse>
<note>44 Εἰ WH Treg NA28 ] – RP </note>
<note>• ἔστιν καὶ WH Treg NA28 ] καὶ ἔστιν σῶμα RP</note>

<verse>1 Corinthians 15:47</verse>
<note>47 ἄνθρωπος WH Treg NA28 ] + ὁ κύριος RP</note>

<verse>1 Corinthians 15:49</verse>
<note>49 φορέσομεν NA28 ] φορέσωμεν WH Treg RP</note>

<verse>1 Corinthians 15:50</verse>
<note>50 δύναται WH Treg NA28 ] δύνανται RP</note>

<verse>1 Corinthians 15:51</verse>
<note>51 πάντες WH Treg NA28 ] + μὲν RP</note>

<verse>1 Corinthians 15:54</verse>
<note>54 φθαρτὸν τοῦτο ἐνδύσηται ἀφθαρσίαν καὶ τὸ Treg NA28 RP ] – WH </note>
<note>• ἀθανασίαν Treg NA28 RP ] τὴν ἀθανασίαν WH</note>

<verse>1 Corinthians 15:55</verse>
<note>55 νῖκος ποῦ σου θάνατε τὸ κέντρον WH Treg NA28 ] κέντρον Ποῦ σου ᾍδη τὸ νῖκος RP</note>

<verse>1 Corinthians 16:2</verse>
<note>16:2 σαββάτου WH Treg NA28 ] σαββάτων RP </note>
<note>• ἐὰν WH Treg NA28 ] ἂν RP</note>

<verse>1 Corinthians 16:3</verse>
<note>3 ἐὰν WH NA28 RP ] ἂν Treg</note>

<verse>1 Corinthians 16:4</verse>
<note>4 ἄξιον ᾖ WH Treg NA28 ] ᾖ ἄξιον RP</note>

<verse>1 Corinthians 16:6</verse>
<note>6 παραμενῶ Treg NA28 RP ] καταμενῶ WH </note>
<note>• καὶ Treg NA28 RP ] – WH</note>

<verse>1 Corinthians 16:7</verse>
<note>7 γὰρ WH Treg NA28 ] δὲ RP </note>
<note>• ἐπιτρέψῃ WH Treg NA28 ] ἐπιτρέπῃ RP</note>

<verse>1 Corinthians 16:8</verse>
<note>8 ἐπιμενῶ Treg NA28 RP ] ἐπιμένω WH</note>

<verse>1 Corinthians 16:10</verse>
<note>10 κἀγώ NA28 Treg RP ] ἐγώ WH</note>

<verse>1 Corinthians 16:11</verse>
<note>11 με WH NA28 RP ] ἐμέ Treg</note>

<verse>1 Corinthians 16:17</verse>
<note>17 ὑμέτερον WH Treg NA28 ] ὑμῶν RP</note>

<verse>1 Corinthians 16:19</verse>
<note>19 ἀσπάζεται WH NA28 ] ἀσπάζονται Treg RP </note>
<note>• Πρίσκα WH Treg NA28 ] Πρίσκιλλα RP</note>

<verse>1 Corinthians 16:22</verse>
<note>22 κύριον WH Treg NA28 ] + Ἰησοῦν Χριστόν RP </note>
<note>• Μαράνα θά NA28 ] Μαρὰν ἀθά WH Treg RP</note>

<verse>1 Corinthians 16:23</verse>
<note>23 Ἰησοῦ WH Treg NA28 ] + Χριστοῦ RP</note>

<verse>1 Corinthians 16:24</verse>
<note>24 Ἰησοῦ WH Treg NA28 ] + Ἀμήν RP</note>
</book>
