<?xml version="1.0" encoding="UTF-8"?>
<!-- Copyright C.V.Kimball 2013 -->
<Tanach xmlns:xsi="http://www.w3.org/2001/XMLSchema-instance" xsi:noNamespaceSchemaLocation="../XSL/Tanach.xsd">
<teiHeader>
  <fileDesc>
    <titleStmt>
      <title level="s" type="uniform">Tanach</title>
      <title level="s" type="uniformhebrew">תנ״ך</title>
      <title level="s" type="main">Unicode/XML Leningrad Codex</title>
      <title level="a" type="main">Jonah</title>
      <title level="a" type="mainhebrew">יונה</title>
      <title level="a" type="filename">Jonah</title>
      <editor>Shemu'el ben Ya'akov</editor>
      <editor>Aharon ben-Mosheh ben-Asher</editor>
      <respStmt>
        <resp>Publisher:</resp>
        <name>Christopher V. Kimball</name>
        <name type="email">mail@cvkimball.com</name>
      </respStmt>
    </titleStmt>
    <editionStmt>
      <edition>Unicode/XML Leningrad Codex (UXLC)
        <version>UXLC 2.0</version>
        <date>19 Oct 2023</date>
        <build>27.1</build>
        <buildDateTime>19 Oct 2023  00:00</buildDateTime>
      </edition>
<respStmt>
<resp>WLC2XML[21 Apr 2023] - Transcription from Michigan-Claremont encoding to Unicode with XML markings. See details in notes.</resp>
<resp>ScanReplace/EditWLC[30 Dec 2020] - Edits/removes transcription notes; removes MDs.</resp>
<resp>ScanReplace/InsertCGJs[29 Dec 2020] - Places CGJ in Jerusalem VUV words and leading metegs.</resp>
<resp>Updater[15 Sep 2023] - Changes.xml file dated 2020.02.19 . </resp>
<resp>Updater[15 Sep 2023] - Changes.xml file dated 2020.10.19 . </resp>
<resp>Updater[15 Sep 2023] - Changes.xml file dated 2021.04.01 . </resp>
<resp>Updater[15 Sep 2023] - Changes.xml file dated 2021.10.19 . </resp>
<resp>Updater[15 Sep 2023] - Changes.xml file dated 2022.04.01 . </resp>
<resp>Updater[15 Sep 2023] - Changes.xml file dated 2022.07.04 . </resp>
<resp>Updater[15 Sep 2023] - Changes.xml file dated 2022.10.19 . </resp>
<resp>Updater[15 Sep 2023] - Changes.xml file dated 2022.12.07 . </resp>
<resp>Updater[15 Sep 2023] - Changes.xml file dated 2023.04.01 . </resp>
<resp>Updater[15 Sep 2023] - Changes.xml file dated 2023.07.04 . </resp>
<resp>Updater[15 Sep 2023] - Changes.xml file dated 2023.10.19 . </resp>
</respStmt>
    </editionStmt>
    <extent>31137</extent>
    <publicationStmt>
      <distributor>Via web site:
        <name>Christopher V. Kimball</name>
        <name type="url">https://tanach.us/Tanach.xml</name>
        <name type="email">mail@cvkimball.com</name>
      </distributor>
      <availability status="free">Freely available</availability>
    </publicationStmt>
    <notesStmt>
      <note>The original text file wlc420_ps.txt was provided by the Groves Center. 
The file has the MD5 hash: d31a 6a6e 9afa bf82 272c 2efb 0522 a12e 
and was dated 25 Jan 2016. Six transcription notes (5,7,F) have been moved to the noted character (Lev 11:42.4, Judg 18:30.11, Isa 9.6.1, Ps 80:14.3, Job 38:13.5, Job 38:15.2) to produce the file wlc420_ps_td.txt for conversion to Unicode and XML by the program WLC2XML. The only other changes to the Groves Center text are: The book names in English and Hebrew of the Jewish Publication Society Tanach and book abbreviations from the New Revised Standard Version have been added. MC code 32 added as atnah hafukh by Steve Salisbury, 30 Sep 2021. The atnah hafukh codepoint, x05a2, has been added to the character table; it does not appear in WLC 4.20. </note>
    <correction>
<citation>3:3.5</citation>
<description>Change segol under vav to tsere. Add note 't'.</description>
<author>Daniel Holman</author>
<filedate>2023.04.01</filedate>
<date>2022.12.12</date>
<n>8</n>
</correction>
</notesStmt>
    <sourceDesc>
      <biblItem>
        <title>Hebrew Bible</title>
        <title>Leningrad Codex</title>
        <editor>Shemu'el ben Ya'akov</editor>
        <editor>Aharon ben-Mosheh ben-Asher</editor>
        <edition>Original document</edition>
        <imprint>
          <publisher>Russian National Library (Saltykov-Shchedrin)</publisher>
          <pubPlace>St. Petersburg (Leningrad)</pubPlace>
          <date>1008</date>
        </imprint>
        <idno type="Accession">Firkovich B 19 A</idno>
      </biblItem>
      <biblItem>
        <title>The Leningrad Codex - A Facsimile Edition</title>
        <editor>Freedman, David Noel</editor>
        <editor>Beck, Astrid B.</editor>
        <edition>First</edition>
        <imprint>
          <publisher>Wm. B. Eerdmans Publishing Co.</publisher>
          <pubPlace>Grand Rapids, MI</pubPlace>
          <date>1998</date>
        </imprint>
        <idno type="IBSN">0-8028-3786-7</idno>
      </biblItem>
      <biblItem>
        <title>The Westminster Leningrad Codex</title>
        <editor>Salisbury, Stephen K.</editor>
        <edition>WLC 4.20</edition>
        <imprint>
          <publisher>The J. Alan Groves Center for Advanced Biblical Research ("Groves Center").</publisher>
          <pubPlace>2960 Church Rd.</pubPlace>
          <pubPlace>Glenside, PA 19038</pubPlace>
          <date>25 January 2016</date>
        </imprint>
        <idno type="Unknown"/>
      </biblItem>
    </sourceDesc>
  </fileDesc>
  <encodingDesc>
  </encodingDesc>
  <profileDesc>
    <creation>From WLC 4.20 provided by the Groves Center.</creation>
    <date>25 Jan 2016</date>
    <langUsage>
      <language ident="HE">Hebrew</language>
    </langUsage>
  </profileDesc>
</teiHeader>
<tanach>
  <book>
    <names>
      <name>Jonah</name>
      <abbrev>Jon</abbrev>
      <number>19</number>
      <filename>Jonah</filename>
      <hebrewname>יונה</hebrewname>
    </names>
    <c n="1">
      <v n="1">
        <w>וַֽיְהִי֙</w>
        <w>דְּבַר־</w>
        <w>יְהוָ֔ה</w>
        <w>אֶל־</w>
        <w>יוֹנָ֥ה</w>
        <w>בֶן־</w>
        <w>אֲמִתַּ֖י</w>
        <w>לֵאמֹֽר׃</w>
      </v>
      <v n="2">
        <w>ק֠וּם</w>
        <w>לֵ֧ךְ</w>
        <w>אֶל־</w>
        <w>נִֽינְוֵ֛ה</w>
        <w>הָעִ֥יר</w>
        <w>הַגְּדוֹלָ֖ה</w>
        <w>וּקְרָ֣א</w>
        <w>עָלֶ֑יהָ</w>
        <w>כִּֽי־</w>
        <w>עָלְתָ֥ה</w>
        <w>רָעָתָ֖ם</w>
        <w>לְפָנָֽי׃</w>
      </v>
      <v n="3">
        <w>וַיָּ֤קָם</w>
        <w>יוֹנָה֙</w>
        <w>לִבְרֹ֣חַ</w>
        <w>תַּרְשִׁ֔ישָׁה</w>
        <w>מִלִּפְנֵ֖י</w>
        <w>יְהוָ֑ה</w>
        <w>וַיֵּ֨רֶד</w>
        <w>יָפ֜וֹ</w>
        <w>וַיִּמְצָ֥א</w>
        <w>אָנִיָּ֣ה ׀</w>
        <w>בָּאָ֣ה</w>
        <w>תַרְשִׁ֗ישׁ</w>
        <w>וַיִּתֵּ֨ן</w>
        <w>שְׂכָרָ֜הּ</w>
        <w>וַיֵּ֤רֶד</w>
        <w>בָּהּ֙</w>
        <w>לָב֤וֹא</w>
        <w>עִמָּהֶם֙</w>
        <w>תַּרְשִׁ֔ישָׁה</w>
        <w>מִלִּפְנֵ֖י</w>
        <w>יְהוָֽה׃</w>
      </v>
      <v n="4">
        <w>וַֽיהוָ֗ה</w>
        <w>הֵטִ֤יל</w>
        <w>רֽוּחַ־</w>
        <w>גְּדוֹלָה֙</w>
        <w>אֶל־</w>
        <w>הַיָּ֔ם</w>
        <w>וַיְהִ֥י</w>
        <w>סַֽעַר־</w>
        <w>גָּד֖וֹל</w>
        <w>בַּיָּ֑ם</w>
        <w>וְהָ֣אֳנִיָּ֔ה</w>
        <w>חִשְּׁבָ֖ה</w>
        <w>לְהִשָּׁבֵֽר׃</w>
      </v>
      <v n="5">
        <w>וַיִּֽירְא֣וּ</w>
        <w>הַמַּלָּחִ֗ים</w>
        <w>וַֽיִּזְעֲקוּ֮</w>
        <w>אִ֣ישׁ</w>
        <w>אֶל־</w>
        <w>אֱלֹהָיו֒</w>
        <w>וַיָּטִ֨לוּ</w>
        <w>אֶת־</w>
        <w>הַכֵּלִ֜ים</w>
        <w>אֲשֶׁ֤ר</w>
        <w>בָּֽאֳנִיָּה֙</w>
        <w>אֶל־</w>
        <w>הַיָּ֔ם</w>
        <w>לְהָקֵ֖ל</w>
        <w>מֵֽעֲלֵיהֶ֑ם</w>
        <w>וְיוֹנָ֗ה</w>
        <w>יָרַד֙</w>
        <w>אֶל־</w>
        <w>יַרְכְּתֵ֣י</w>
        <w>הַסְּפִינָ֔ה</w>
        <w>וַיִּשְׁכַּ֖ב</w>
        <w>וַיֵּרָדַֽם׃</w>
      </v>
      <v n="6">
        <w>וַיִּקְרַ֤ב</w>
        <w>אֵלָיו֙</w>
        <w>רַ֣ב</w>
        <w>הַחֹבֵ֔ל</w>
        <w>וַיֹּ֥אמֶר</w>
        <w>ל֖וֹ</w>
        <w>מַה־</w>
        <w>לְּךָ֣</w>
        <w>נִרְדָּ֑ם</w>
        <w>ק֚וּם</w>
        <w>קְרָ֣א</w>
        <w>אֶל־</w>
        <w>אֱלֹהֶ֔יךָ</w>
        <w>אוּלַ֞י</w>
        <w>יִתְעַשֵּׁ֧ת</w>
        <w>הָאֱלֹהִ֛ים</w>
        <w>לָ֖נוּ</w>
        <w>וְלֹ֥א</w>
        <w>נֹאבֵֽד׃</w>
      </v>
      <v n="7">
        <w>וַיֹּאמְר֞וּ</w>
        <w>אִ֣ישׁ</w>
        <w>אֶל־</w>
        <w>רֵעֵ֗הוּ</w>
        <w>לְכוּ֙</w>
        <w>וְנַפִּ֣ילָה</w>
        <w>גֽוֹרָל֔וֹת</w>
        <w>וְנֵ֣דְעָ֔ה</w>
        <w>בְּשֶׁלְּמִ֛י</w>
        <w>הָרָעָ֥ה</w>
        <w>הַזֹּ֖את</w>
        <w>לָ֑נוּ</w>
        <w>וַיַּפִּ֙לוּ֙</w>
        <w>גּֽוֹרָל֔וֹת</w>
        <w>וַיִּפֹּ֥ל</w>
        <w>הַגּוֹרָ֖ל</w>
        <w>עַל־</w>
        <w>יוֹנָֽה׃</w>
      </v>
      <v n="8">
        <w>וַיֹּאמְר֣וּ</w>
        <w>אֵלָ֔יו</w>
        <w>הַגִּידָה־</w>
        <w>נָּ֣א</w>
        <w>לָ֔נוּ</w>
        <w>בַּאֲשֶׁ֛ר</w>
        <w>לְמִי־</w>
        <w>הָרָעָ֥ה</w>
        <w>הַזֹּ֖את</w>
        <w>לָ֑נוּ</w>
        <w>מַה־</w>
        <w>מְּלַאכְתְּךָ֙</w>
        <w>וּמֵאַ֣יִן</w>
        <w>תָּב֔וֹא</w>
        <w>מָ֣ה</w>
        <w>אַרְצֶ֔ךָ</w>
        <w>וְאֵֽי־</w>
        <w>מִזֶּ֥ה</w>
        <w>עַ֖ם</w>
        <w>אָֽתָּה׃</w>
      </v>
      <v n="9">
        <w>וַיֹּ֥אמֶר</w>
        <w>אֲלֵיהֶ֖ם</w>
        <w>עִבְרִ֣י</w>
        <w>אָנֹ֑כִי</w>
        <w>וְאֶת־</w>
        <w>יְהוָ֞ה</w>
        <w>אֱלֹהֵ֤י</w>
        <w>הַשָּׁמַ֙יִם֙</w>
        <w>אֲנִ֣י</w>
        <w>יָרֵ֔א</w>
        <w>אֲשֶׁר־</w>
        <w>עָשָׂ֥ה</w>
        <w>אֶת־</w>
        <w>הַיָּ֖ם</w>
        <w>וְאֶת־</w>
        <w>הַיַּבָּשָֽׁה׃</w>
      </v>
      <v n="10">
        <w>וַיִּֽירְא֤וּ</w>
        <w>הָֽאֲנָשִׁים֙</w>
        <w>יִרְאָ֣ה</w>
        <w>גְדוֹלָ֔ה</w>
        <w>וַיֹּאמְר֥וּ</w>
        <w>אֵלָ֖יו</w>
        <w>מַה־</w>
        <w>זֹּ֣את</w>
        <w>עָשִׂ֑יתָ</w>
        <w>כִּֽי־</w>
        <w>יָדְע֣וּ</w>
        <w>הָאֲנָשִׁ֗ים</w>
        <w>כִּֽי־</w>
        <w>מִלִּפְנֵ֤י</w>
        <w>יְהוָה֙</w>
        <w>ה֣וּא</w>
        <w>בֹרֵ֔חַ</w>
        <w>כִּ֥י</w>
        <w>הִגִּ֖יד</w>
        <w>לָהֶֽם׃</w>
      </v>
      <v n="11">
        <w>וַיֹּאמְר֤וּ</w>
        <w>אֵלָיו֙</w>
        <w>מַה־</w>
        <w>נַּ֣עֲשֶׂה</w>
        <w>לָּ֔ךְ</w>
        <w>וְיִשְׁתֹּ֥ק</w>
        <w>הַיָּ֖ם</w>
        <w>מֵֽעָלֵ֑ינוּ</w>
        <w>כִּ֥י</w>
        <w>הַיָּ֖ם</w>
        <w>הוֹלֵ֥ךְ</w>
        <w>וְסֹעֵֽר׃</w>
      </v>
      <v n="12">
        <w>וַיֹּ֣אמֶר</w>
        <w>אֲלֵיהֶ֗ם</w>
        <w>שָׂא֙וּנִי֙</w>
        <w>וַהֲטִילֻ֣נִי</w>
        <w>אֶל־</w>
        <w>הַיָּ֔ם</w>
        <w>וְיִשְׁתֹּ֥ק</w>
        <w>הַיָּ֖ם</w>
        <w>מֵֽעֲלֵיכֶ֑ם</w>
        <w>כִּ֚י</w>
        <w>יוֹדֵ֣עַ</w>
        <w>אָ֔נִי</w>
        <w>כִּ֣י</w>
        <w>בְשֶׁלִּ֔י</w>
        <w>הַסַּ֧עַר</w>
        <w>הַגָּד֛וֹל</w>
        <w>הַזֶּ֖ה</w>
        <w>עֲלֵיכֶֽם׃</w>
      </v>
      <v n="13">
        <w>וַיַּחְתְּר֣וּ</w>
        <w>הָאֲנָשִׁ֗ים</w>
        <w>לְהָשִׁ֛יב</w>
        <w>אֶל־</w>
        <w>הַיַּבָּשָׁ֖ה</w>
        <w>וְלֹ֣א</w>
        <w>יָכֹ֑לוּ</w>
        <w>כִּ֣י</w>
        <w>הַיָּ֔ם</w>
        <w>הוֹלֵ֥ךְ</w>
        <w>וְסֹעֵ֖ר</w>
        <w>עֲלֵיהֶֽם׃</w>
      </v>
      <v n="14">
        <w>וַיִּקְרְא֨וּ</w>
        <w>אֶל־</w>
        <w>יְהוָ֜ה</w>
        <w>וַיֹּאמְר֗וּ</w>
        <w>אָנָּ֤ה</w>
        <w>יְהוָה֙</w>
        <w>אַל־</w>
        <w>נָ֣א</w>
        <w>נֹאבְדָ֗ה</w>
        <w>בְּנֶ֙פֶשׁ֙</w>
        <w>הָאִ֣ישׁ</w>
        <w>הַזֶּ֔ה</w>
        <w>וְאַל־</w>
        <w>תִּתֵּ֥ן</w>
        <w>עָלֵ֖ינוּ</w>
        <w>דָּ֣ם</w>
        <w>נָקִ֑יא</w>
        <w>כִּֽי־</w>
        <w>אַתָּ֣ה</w>
        <w>יְהוָ֔ה</w>
        <w>כַּאֲשֶׁ֥ר</w>
        <w>חָפַ֖צְתָּ</w>
        <w>עָשִֽׂיתָ׃</w>
      </v>
      <v n="15">
        <w>וַיִּשְׂאוּ֙</w>
        <w>אֶת־</w>
        <w>יוֹנָ֔ה</w>
        <w>וַיְטִלֻ֖הוּ</w>
        <w>אֶל־</w>
        <w>הַיָּ֑ם</w>
        <w>וַיַּעֲמֹ֥ד</w>
        <w>הַיָּ֖ם</w>
        <w>מִזַּעְפּֽוֹ׃</w>
      </v>
      <v n="16">
        <w>וַיִּֽירְא֧וּ</w>
        <w>הָאֲנָשִׁ֛ים</w>
        <w>יִרְאָ֥ה</w>
        <w>גְדוֹלָ֖ה</w>
        <w>אֶת־</w>
        <w>יְהוָ֑ה</w>
        <w>וַיִּֽזְבְּחוּ־</w>
        <w>זֶ֙בַח֙</w>
        <w>לַֽיהוָ֔ה</w>
        <w>וַֽיִּדְּר֖וּ</w>
        <w>נְדָרִֽים׃</w>
      </v>
      <vs>16</vs>
    </c>
    <c n="2">
      <v n="1">
        <w>וַיְמַ֤ן</w>
        <w>יְהוָה֙</w>
        <w>דָּ֣ג</w>
        <w>גָּד֔וֹל</w>
        <w>לִבְלֹ֖עַ</w>
        <w>אֶת־</w>
        <w>יוֹנָ֑ה</w>
        <w>וַיְהִ֤י</w>
        <w>יוֹנָה֙</w>
        <w>בִּמְעֵ֣י</w>
        <w>הַדָּ֔ג</w>
        <w>שְׁלֹשָׁ֥ה</w>
        <w>יָמִ֖ים</w>
        <w>וּשְׁלֹשָׁ֥ה</w>
        <w>לֵילֽוֹת׃</w>
      </v>
      <v n="2">
        <w>וַיִּתְפַּלֵּ֣ל</w>
        <w>יוֹנָ֔ה</w>
        <w>אֶל־</w>
        <w>יְהוָ֖ה</w>
        <w>אֱלֹהָ֑יו</w>
        <w>מִמְּעֵ֖י</w>
        <w>הַדָּגָֽה׃</w>
      </v>
      <v n="3">
        <w>וַיֹּ֗אמֶר</w>
        <w>קָ֠רָאתִי</w>
        <w>מִצָּ֥רָה</w>
        <w>לִ֛י</w>
        <w>אֶל־</w>
        <w>יְהוָ֖ה</w>
        <w>וַֽיַּעֲנֵ֑נִי</w>
        <w>מִבֶּ֧טֶן</w>
        <w>שְׁא֛וֹל</w>
        <w>שִׁוַּ֖עְתִּי</w>
        <w>שָׁמַ֥עְתָּ</w>
        <w>קוֹלִֽי׃</w>
      </v>
      <v n="4">
        <w>וַתַּשְׁלִיכֵ֤נִי</w>
        <w>מְצוּלָה֙</w>
        <w>בִּלְבַ֣ב</w>
        <w>יַמִּ֔ים</w>
        <w>וְנָהָ֖ר</w>
        <w>יְסֹבְבֵ֑נִי</w>
        <w>כָּל־</w>
        <w>מִשְׁבָּרֶ֥יךָ</w>
        <w>וְגַלֶּ֖יךָ</w>
        <w>עָלַ֥י</w>
        <w>עָבָֽרוּ׃</w>
      </v>
      <v n="5">
        <w>וַאֲנִ֣י</w>
        <w>אָמַ֔רְתִּי</w>
        <w>נִגְרַ֖שְׁתִּי</w>
        <w>מִנֶּ֣גֶד</w>
        <w>עֵינֶ֑יךָ</w>
        <w>אַ֚ךְ</w>
        <w>אוֹסִ֣יף</w>
        <w>לְהַבִּ֔יט</w>
        <w>אֶל־</w>
        <w>הֵיכַ֖ל</w>
        <w>קָדְשֶֽׁךָ׃</w>
      </v>
      <v n="6">
        <w>אֲפָפ֤וּנִי</w>
        <w>מַ֙יִם֙</w>
        <w>עַד־</w>
        <w>נֶ֔פֶשׁ</w>
        <w>תְּה֖וֹם</w>
        <w>יְסֹבְבֵ֑נִי</w>
        <w>ס֖וּף</w>
        <w>חָב֥וּשׁ</w>
        <w>לְרֹאשִֽׁי׃</w>
      </v>
      <v n="7">
        <w>לְקִצְבֵ֤י</w>
        <w>הָרִים֙</w>
        <w>יָרַ֔דְתִּי</w>
        <w>הָאָ֛רֶץ</w>
        <w>בְּרִחֶ֥יהָ</w>
        <w>בַעֲדִ֖י</w>
        <w>לְעוֹלָ֑ם</w>
        <w>וַתַּ֧עַל</w>
        <w>מִשַּׁ֛חַת</w>
        <w>חַיַּ֖י</w>
        <w>יְהוָ֥ה</w>
        <w>אֱלֹהָֽי׃</w>
      </v>
      <v n="8">
        <w>בְּהִתְעַטֵּ֤ף</w>
        <w>עָלַי֙</w>
        <w>נַפְשִׁ֔י</w>
        <w>אֶת־</w>
        <w>יְהוָ֖ה</w>
        <w>זָכָ֑רְתִּי</w>
        <w>וַתָּב֤וֹא</w>
        <w>אֵלֶ֙יךָ֙</w>
        <w>תְּפִלָּתִ֔י</w>
        <w>אֶל־</w>
        <w>הֵיכַ֖ל</w>
        <w>קָדְשֶֽׁךָ׃</w>
      </v>
      <v n="9">
        <w>מְשַׁמְּרִ֖ים</w>
        <w>הַבְלֵי־</w>
        <w>שָׁ֑וְא</w>
        <w>חַסְדָּ֖ם</w>
        <w>יַעֲזֹֽבוּ׃</w>
      </v>
      <v n="10">
        <w>וַאֲנִ֗י</w>
        <w>בְּק֤וֹל</w>
        <w>תּוֹדָה֙</w>
        <w>אֶזְבְּחָה־</w>
        <w>לָּ֔ךְ</w>
        <w>אֲשֶׁ֥ר</w>
        <w>נָדַ֖רְתִּי</w>
        <w>אֲשַׁלֵּ֑מָה</w>
        <w>יְשׁוּעָ֖תָה</w>
        <w>לַיהוָֽה׃</w>
        <samekh/>
      </v>
      <v n="11">
        <w>וַיֹּ֥אמֶר</w>
        <w>יְהוָ֖ה</w>
        <w>לַדָּ֑ג</w>
        <w>וַיָּקֵ֥א</w>
        <w>אֶת־</w>
        <w>יוֹנָ֖ה</w>
        <w>אֶל־</w>
        <w>הַיַּבָּשָֽׁה׃</w>
        <pe/>
      </v>
      <vs>11</vs>
    </c>
    <c n="3">
      <v n="1">
        <w>וַיְהִ֧י</w>
        <w>דְבַר־</w>
        <w>יְהוָ֛ה</w>
        <w>אֶל־</w>
        <w>יוֹנָ֖ה</w>
        <w>שֵׁנִ֥ית</w>
        <w>לֵאמֹֽר׃</w>
      </v>
      <v n="2">
        <w>ק֛וּם</w>
        <w>לֵ֥ךְ</w>
        <w>אֶל־</w>
        <w>נִֽינְוֵ֖ה</w>
        <w>הָעִ֣יר</w>
        <w>הַגְּדוֹלָ֑ה</w>
        <w>וִּקְרָ֤א</w>
        <w>אֵלֶ֙יהָ֙</w>
        <w>אֶת־</w>
        <w>הַקְּרִיאָ֔ה</w>
        <w>אֲשֶׁ֥ר</w>
        <w>אָנֹכִ֖י</w>
        <w>דֹּבֵ֥ר</w>
        <w>אֵלֶֽיךָ׃</w>
      </v>
      <v n="3">
        <w>וַיָּ֣קָם</w>
        <w>יוֹנָ֗ה</w>
        <w>וַיֵּ֛לֶךְ</w>
        <w>אֶל־</w>
        <w>נִֽינְוֵ֖<x>t</x>ה</w>
        <w>כִּדְבַ֣ר</w>
        <w>יְהוָ֑ה</w>
        <w>וְנִֽינְוֵ֗ה</w>
        <w>הָיְתָ֤ה</w>
        <w>עִיר־</w>
        <w>גְּדוֹלָה֙</w>
        <w>לֵֽאלֹהִ֔ים</w>
        <w>מַהֲלַ֖ךְ</w>
        <w>שְׁלֹ֥שֶׁת</w>
        <w>יָמִֽים׃</w>
      </v>
      <v n="4">
        <w>וַיָּ֤חֶל</w>
        <w>יוֹנָה֙</w>
        <w>לָב֣וֹא</w>
        <w>בָעִ֔יר</w>
        <w>מַהֲלַ֖ךְ</w>
        <w>י֣וֹם</w>
        <w>אֶחָ֑ד</w>
        <w>וַיִּקְרָא֙</w>
        <w>וַיֹּאמַ֔ר</w>
        <w>ע֚וֹד</w>
        <w>אַרְבָּעִ֣ים</w>
        <w>י֔וֹם</w>
        <w>וְנִֽינְוֵ֖ה</w>
        <w>נֶהְפָּֽכֶת׃</w>
      </v>
      <v n="5">
        <w>וַֽיַּאֲמִ֛ינוּ</w>
        <w>אַנְשֵׁ֥י</w>
        <w>נִֽינְוֵ֖ה</w>
        <w>בֵּֽאלֹהִ֑ים</w>
        <w>וַיִּקְרְאוּ־</w>
        <w>צוֹם֙</w>
        <w>וַיִּלְבְּשׁ֣וּ</w>
        <w>שַׂקִּ֔ים</w>
        <w>מִגְּדוֹלָ֖ם</w>
        <w>וְעַד־</w>
        <w>קְטַנָּֽם׃</w>
      </v>
      <v n="6">
        <w>וַיִּגַּ֤ע</w>
        <w>הַדָּבָר֙</w>
        <w>אֶל־</w>
        <w>מֶ֣לֶך</w>
        <w>נִֽינְוֵ֔ה</w>
        <w>וַיָּ֙קָם֙</w>
        <w>מִכִּסְא֔וֹ</w>
        <w>וַיַּעֲבֵ֥ר</w>
        <w>אַדַּרְתּ֖וֹ</w>
        <w>מֵֽעָלָ֑יו</w>
        <w>וַיְכַ֣ס</w>
        <w>שַׂ֔ק</w>
        <w>וַיֵּ֖שֶׁב</w>
        <w>עַל־</w>
        <w>הָאֵֽפֶר׃</w>
      </v>
      <v n="7">
        <w>וַיַּזְעֵ֗ק</w>
        <w>וַיֹּ֙אמֶר֙</w>
        <w>בְּנִֽינְוֵ֔ה</w>
        <w>מִטַּ֧עַם</w>
        <w>הַמֶּ֛לֶךְ</w>
        <w>וּגְדֹלָ֖יו</w>
        <w>לֵאמֹ֑ר</w>
        <w>הָאָדָ֨ם</w>
        <w>וְהַבְּהֵמָ֜ה</w>
        <w>הַבָּקָ֣ר</w>
        <w>וְהַצֹּ֗אן</w>
        <w>אַֽל־</w>
        <w>יִטְעֲמוּ֙</w>
        <w>מְא֔וּמָה</w>
        <w>אַ֨ל־</w>
        <w>יִרְע֔וּ</w>
        <w>וּמַ֖יִם</w>
        <w>אַל־</w>
        <w>יִשְׁתּֽוּ׃</w>
      </v>
      <v n="8">
        <w>וְיִתְכַּסּ֣וּ</w>
        <w>שַׂקִּ֗ים</w>
        <w>הָֽאָדָם֙</w>
        <w>וְהַבְּהֵמָ֔ה</w>
        <w>וְיִקְרְא֥וּ</w>
        <w>אֶל־</w>
        <w>אֱלֹהִ֖ים</w>
        <w>בְּחָזְקָ֑ה</w>
        <w>וְיָשֻׁ֗בוּ</w>
        <w>אִ֚ישׁ</w>
        <w>מִדַּרְכּ֣וֹ</w>
        <w>הָֽרָעָ֔ה</w>
        <w>וּמִן־</w>
        <w>הֶחָמָ֖ס</w>
        <w>אֲשֶׁ֥ר</w>
        <w>בְּכַפֵּיהֶֽם׃</w>
      </v>
      <v n="9">
        <w>מִֽי־</w>
        <w>יוֹדֵ֣עַ</w>
        <w>יָשׁ֔וּב</w>
        <w>וְנִחַ֖ם</w>
        <w>הָאֱלֹהִ֑ים</w>
        <w>וְשָׁ֛ב</w>
        <w>מֵחֲר֥וֹן</w>
        <w>אַפּ֖וֹ</w>
        <w>וְלֹ֥א</w>
        <w>נֹאבֵֽד׃</w>
      </v>
      <v n="10">
        <w>וַיַּ֤רְא</w>
        <w>הָֽאֱלֹהִים֙</w>
        <w>אֶֽת־</w>
        <w>מַ֣עֲשֵׂיהֶ֔ם</w>
        <w>כִּי־</w>
        <w>שָׁ֖בוּ</w>
        <w>מִדַּרְכָּ֣ם</w>
        <w>הָרָעָ֑ה</w>
        <w>וַיִּנָּ֣חֶם</w>
        <w>הָאֱלֹהִ֗ים</w>
        <w>עַל־</w>
        <w>הָרָעָ֛ה</w>
        <w>אֲשֶׁר־</w>
        <w>דִּבֶּ֥ר</w>
        <w>לַעֲשׂוֹת־</w>
        <w>לָהֶ֖ם</w>
        <w>וְלֹ֥א</w>
        <w>עָשָֽׂה׃</w>
      </v>
      <vs>10</vs>
    </c>
    <c n="4">
      <v n="1">
        <w>וַיֵּ֥רַע</w>
        <w>אֶל־</w>
        <w>יוֹנָ֖ה</w>
        <w>רָעָ֣ה</w>
        <w>גְדוֹלָ֑ה</w>
        <w>וַיִּ֖חַר</w>
        <w>לֽוֹ׃</w>
      </v>
      <v n="2">
        <w>וַיִּתְפַּלֵּ֨ל</w>
        <w>אֶל־</w>
        <w>יְהוָ֜ה</w>
        <w>וַיֹּאמַ֗ר</w>
        <w>אָנָּ֤ה</w>
        <w>יְהוָה֙</w>
        <w>הֲלוֹא־</w>
        <w>זֶ֣ה</w>
        <w>דְבָרִ֗י</w>
        <w>עַד־</w>
        <w>הֱיוֹתִי֙</w>
        <w>עַל־</w>
        <w>אַדְמָתִ֔י</w>
        <w>עַל־</w>
        <w>כֵּ֥ן</w>
        <w>קִדַּ֖מְתִּי</w>
        <w>לִבְרֹ֣חַ</w>
        <w>תַּרְשִׁ֑ישָׁה</w>
        <w>כִּ֣י</w>
        <w>יָדַ֗עְתִּי</w>
        <w>כִּ֤י</w>
        <w>אַתָּה֙</w>
        <w>אֵֽל־</w>
        <w>חַנּ֣וּן</w>
        <w>וְרַח֔וּם</w>
        <w>אֶ֤רֶךְ</w>
        <w>אַפַּ֙יִם֙</w>
        <w>וְרַב־</w>
        <w>חֶ֔סֶד</w>
        <w>וְנִחָ֖ם</w>
        <w>עַל־</w>
        <w>הָרָעָֽה׃</w>
      </v>
      <v n="3">
        <w>וְעַתָּ֣ה</w>
        <w>יְהוָ֔ה</w>
        <w>קַח־</w>
        <w>נָ֥א</w>
        <w>אֶת־</w>
        <w>נַפְשִׁ֖י</w>
        <w>מִמֶּ֑נִּי</w>
        <w>כִּ֛י</w>
        <w>ט֥וֹב</w>
        <w>מוֹתִ֖י</w>
        <w>מֵחַיָּֽי׃</w>
        <samekh/>
      </v>
      <v n="4">
        <w>וַיֹּ֣אמֶר</w>
        <w>יְהוָ֔ה</w>
        <w>הַהֵיטֵ֖ב</w>
        <w>חָ֥רָה</w>
        <w>לָֽךְ׃</w>
      </v>
      <v n="5">
        <w>וַיֵּצֵ֤א</w>
        <w>יוֹנָה֙</w>
        <w>מִן־</w>
        <w>הָעִ֔יר</w>
        <w>וַיֵּ֖שֶׁב</w>
        <w>מִקֶּ֣דֶם</w>
        <w>לָעִ֑יר</w>
        <w>וַיַּעַשׂ֩</w>
        <w>ל֨וֹ</w>
        <w>שָׁ֜ם</w>
        <w>סֻכָּ֗ה</w>
        <w>וַיֵּ֤שֶׁב</w>
        <w>תַּחְתֶּ֙יהָ֙</w>
        <w>בַּצֵּ֔ל</w>
        <w>עַ֚ד</w>
        <w>אֲשֶׁ֣ר</w>
        <w>יִרְאֶ֔ה</w>
        <w>מַה־</w>
        <w>יִּהְיֶ֖ה</w>
        <w>בָּעִֽיר׃</w>
      </v>
      <v n="6">
        <w>וַיְמַ֣ן</w>
        <w>יְהוָֽה־</w>
        <w>אֱ֠לֹהִים</w>
        <w>קִיקָי֞וֹן</w>
        <w>וַיַּ֣עַל ׀</w>
        <w>מֵעַ֣ל</w>
        <w>לְיוֹנָ֗ה</w>
        <w>לִֽהְי֥וֹת</w>
        <w>צֵל֙</w>
        <w>עַל־</w>
        <w>רֹאשׁ֔וֹ</w>
        <w>לְהַצִּ֥יל</w>
        <w>ל֖וֹ</w>
        <w>מֵרָֽעָת֑וֹ</w>
        <w>וַיִּשְׂמַ֥ח</w>
        <w>יוֹנָ֛ה</w>
        <w>עַל־</w>
        <w>הַקּֽ͏ִיקָי֖וֹן</w>
        <w>שִׂמְחָ֥ה</w>
        <w>גְדוֹלָֽה׃</w>
      </v>
      <v n="7">
        <w>וַיְמַ֤ן</w>
        <w>הָֽאֱלֹהִים֙</w>
        <w>תּוֹלַ֔עַת</w>
        <w>בַּעֲל֥וֹת</w>
        <w>הַשַּׁ֖חַר</w>
        <w>לַֽמָּחֳרָ֑ת</w>
        <w>וַתַּ֥ךְ</w>
        <w>אֶת־</w>
        <w>הַקִּֽיקָי֖וֹן</w>
        <w>וַיִּיבָֽשׁ׃</w>
      </v>
      <v n="8">
        <w>וַיְהִ֣י ׀</w>
        <w>כִּזְרֹ֣חַ</w>
        <w>הַשֶּׁ֗מֶשׁ</w>
        <w>וַיְמַ֨ן</w>
        <w>אֱלֹהִ֜ים</w>
        <w>ר֤וּחַ</w>
        <w>קָדִים֙</w>
        <w>חֲרִישִׁ֔ית</w>
        <w>וַתַּ֥ךְ</w>
        <w>הַשֶּׁ֛מֶשׁ</w>
        <w>עַל־</w>
        <w>רֹ֥אשׁ</w>
        <w>יוֹנָ֖ה</w>
        <w>וַיִּתְעַלָּ֑ף</w>
        <w>וַיִּשְׁאַ֤ל</w>
        <w>אֶת־</w>
        <w>נַפְשׁוֹ֙</w>
        <w>לָמ֔וּת</w>
        <w>וַיֹּ֕אמֶר</w>
        <w>ט֥וֹב</w>
        <w>מוֹתִ֖י</w>
        <w>מֵחַיָּֽי׃</w>
      </v>
      <v n="9">
        <w>וַיֹּ֤אמֶר</w>
        <w>אֱלֹהִים֙</w>
        <w>אֶל־</w>
        <w>יוֹנָ֔ה</w>
        <w>הַהֵיטֵ֥ב</w>
        <w>חָרָֽה־</w>
        <w>לְךָ֖</w>
        <w>עַל־</w>
        <w>הַקִּֽיקָי֑וֹן</w>
        <w>וַיֹּ֕אמֶר</w>
        <w>הֵיטֵ֥ב</w>
        <w>חָֽרָה־</w>
        <w>לִ֖י</w>
        <w>עַד־</w>
        <w>מָֽוֶת׃</w>
      </v>
      <v n="10">
        <w>וַיֹּ֣אמֶר</w>
        <w>יְהוָ֔ה</w>
        <w>אַתָּ֥ה</w>
        <w>חַ֙סְתָּ֙</w>
        <w>עַל־</w>
        <w>הַקִּ֣יקָי֔וֹן</w>
        <w>אֲשֶׁ֛ר</w>
        <w>לֹא־</w>
        <w>עָמַ֥לְתָּ</w>
        <w>בּ֖וֹ</w>
        <w>וְלֹ֣א</w>
        <w>גִדַּלְתּ֑וֹ</w>
        <w>שֶׁבִּן־</w>
        <w>לַ֥יְלָה</w>
        <w>הָיָ֖ה</w>
        <w>וּבִן־</w>
        <w>לַ֥יְלָה</w>
        <w>אָבָֽד׃</w>
      </v>
      <v n="11">
        <w>וַֽאֲנִי֙</w>
        <w>לֹ֣א</w>
        <w>אָח֔וּס</w>
        <w>עַל־</w>
        <w>נִינְוֵ֖ה</w>
        <w>הָעִ֣יר</w>
        <w>הַגְּדוֹלָ֑ה</w>
        <w>אֲשֶׁ֣ר</w>
        <w>יֶשׁ־</w>
        <w>בָּ֡הּ</w>
        <w>הַרְבֵּה֩</w>
        <w>מִֽשְׁתֵּים־</w>
        <w>עֶשְׂרֵ֨ה</w>
        <w>רִבּ֜וֹ</w>
        <w>אָדָ֗ם</w>
        <w>אֲשֶׁ֤ר</w>
        <w>לֹֽא־</w>
        <w>יָדַע֙</w>
        <w>בֵּין־</w>
        <w>יְמִינ֣וֹ</w>
        <w>לִשְׂמֹאל֔וֹ</w>
        <w>וּבְהֵמָ֖ה</w>
        <w>רַבָּֽה׃</w>
      </v>
      <vs>11</vs>
    </c>
    <vs>48</vs>
    <cs>4</cs>
  </book>
</tanach>
<notes>
  <note>
    <code>4</code>
    <gccode>4</gccode>
    <note>Puncta extraordinaria -- an x05c4 is used to mark such marks in the text when they are above the line and an x05c5 when they are below the line. </note>
  </note>
  <note>
    <code>5</code>
    <gccode>5</gccode>
    <note>Large letter(s). Shown as large letters.</note>
  </note>
  <note>
    <code>6</code>
    <gccode>6</gccode>
    <note>Small letter(s). Shown as small letters.</note>
  </note>
  <note>
    <code>7</code>
    <gccode>7</gccode>
    <note>Suspended letter(s). Shown as suspended letters.</note>
  </note>
  <note>
    <code>8</code>
    <gccode>8</gccode>
    <note>Inverted nun in the text.</note>
  </note>
  <note>
    <code>c</code>
    <gccode>c</gccode>
    <note>Text is correct relative to LC. Usually this marks a peculiarity of the LC relative to the other Masoretic texts.</note>
  </note>
  <note>
    <code>d</code>
    <gccode>d</gccode>
    <note>This tipeha is a dehi in other texts.</note>
  </note>
  <note>
    <code>m</code>
    <gccode>m</gccode>
    <note>This meteg is a merkha in other texts.</note>
  </note>
  <note>
    <code>t</code>
    <gccode>t</gccode>
    <note>Transcription uncertain. Examine the LC image for other possible readings.</note>
  </note>
  <note>
    <code>X</code>
    <gccode>X</gccode>
    <note>This verse does NOT occur in the Leningrad Codex. Included for continuity of verse numbering.</note>
  </note>
</notes>
</Tanach>
