<book>
<book-name>ΠΡΟΣ ΚΟΛΟΣΣΑΕΙΣ</book-name>

<verse>Colossians 1:1</verse>
<note>1:1 Χριστοῦ Ἰησοῦ WH Treg NA28 ] Ἰησοῦ Χριστοῦ RP</note>

<verse>Colossians 1:2</verse>
<note>2 Κολοσσαῖς WH NA28 ] Κολασσαῖς Treg RP </note>
<note>• ἡμῶν WH Treg NA28 ] + καὶ κυρίου Ἰησοῦ Χριστοῦ RP</note>

<verse>Colossians 1:3</verse>
<note>3 θεῷ WH NA28 ] + καὶ Treg RP </note>
<note>• περὶ WH NA28 RP ] ὑπὲρ Treg</note>

<verse>Colossians 1:4</verse>
<note>4 ἣν ἔχετε WH Treg NA28 ] τὴν RP</note>

<verse>Colossians 1:6</verse>
<note>6 κόσμῳ WH Treg NA28 ] + καὶ RP</note>

<verse>Colossians 1:7</verse>
<note>7 καθὼς WH Treg NA28 ] + καὶ RP </note>
<note>• ἡμῶν WH Treg NIV ] ὑμῶν RP NA28</note>

<verse>Colossians 1:10</verse>
<note>10 περιπατῆσαι WH Treg NA28 ] + ὑμᾶς RP </note>
<note>• τῇ ἐπιγνώσει WH Treg NA28 ] εἰς τὴν ἐπίγνωσιν RP</note>

<verse>Colossians 1:12</verse>
<note>12 ὑμᾶς WH NA28 ] ἡμᾶς Treg RP</note>

<verse>Colossians 1:16</verse>
<note>16 πάντα WH Treg NA28 ] + τὰ RP </note>
<note>• καὶ WH NA28 ] + τὰ Treg RP </note>

<verse>Colossians 1:18</verse>
<note>18 ἐστιν Treg NA28 RP ] + ἡ WH</note>

<verse>Colossians 1:20</verse>
<note>20 διʼ αὐτοῦ WH RP NA28 ] – Treg NIV </note>
<note>• ἐν WH Treg NA28 ] ἐπὶ RP</note>

<verse>Colossians 1:22</verse>
<note>22 ἀποκατηλλάγητε Holmes ] ἀποκατήλλαξεν WH Treg NA28 RP</note>

<verse>Colossians 1:23</verse>
<note>23 πάσῃ WH Treg NA28 ] + τῇ RP</note>

<verse>Colossians 1:26</verse>
<note>26 νῦν WH Treg NA28 ] νυνὶ RP</note>

<verse>Colossians 1:27</verse>
<note>27 ὅ WH Treg NA28 ] ὅς RP</note>

<verse>Colossians 1:28</verse>
<note>28 Χριστῷ WH Treg NA28 ] + Ἰησοῦ RP</note>

<verse>Colossians 2:1</verse>
<note>2:1 ὑπὲρ WH Treg NA28 ] περὶ RP</note>

<verse>Colossians 2:2</verse>
<note>2 συμβιβασθέντες WH Treg NA28 ] συμβιβασθέντων RP </note>
<note>• πᾶν πλοῦτος WH NA28 ] πᾶν τὸ πλοῦτος Treg; πάντα πλοῦτον RP </note>
<note>• θεοῦ WH Treg NA28 ] + καὶ πατρὸς καὶ τοῦ RP</note>

<verse>Colossians 2:3</verse>
<note>3 καὶ WH Treg NA28 ] + τῆς RP</note>

<verse>Colossians 2:4</verse>
<note>4 τοῦτο WH NA28 ] + δὲ Treg RP </note>
<note>• μηδεὶς WH Treg NA28 ] μή τις RP</note>

<verse>Colossians 2:7</verse>
<note>7 βεβαιούμενοι WH Treg NA28 ] + ἐν RP </note>
<note>• περισσεύοντες Treg NA28 ] + ἐν αὐτῇ WH RP</note>

<verse>Colossians 2:11</verse>
<note>11 σώματος WH Treg NA28 ] + τῶν ἁμαρτιῶν RP</note>

<verse>Colossians 2:12</verse>
<note>12 βαπτισμῷ Treg NA28 ] βαπτίσματι WH RP </note>
<note>• ἐκ WH Treg NA28 ] + τῶν RP</note>

<verse>Colossians 2:13</verse>
<note>13 ἐν NA28 RP ] – WH Treg</note>

<verse>Colossians 2:16</verse>
<note>16 ἢ Treg RP ] καὶ WH NA28</note>

<verse>Colossians 2:17</verse>
<note>17 τοῦ WH Treg NA28 ] – RP</note>

<verse>Colossians 2:18</verse>
<note>18 ἃ WH Treg NA28 ] + μὴ RP</note>

<verse>Colossians 3:4</verse>
<note>3:4 ὑμῶν Treg NA28 ] ἡμῶν WH RP</note>

<verse>Colossians 3:5</verse>
<note>5 μέλη WH Treg NA28 ] + ὑμῶν NIV RP</note>

<verse>Colossians 3:6</verse>
<note>6 ἐπὶ τοὺς υἱοὺς τῆς ἀπειθείας RP NA28 ] – WH Treg NIV</note>

<verse>Colossians 3:7</verse>
<note>7 τούτοις WH Treg NA28 ] αὐτοῖς RP</note>

<verse>Colossians 3:11</verse>
<note>11 τὰ Treg NA28 RP ] – WH</note>

<verse>Colossians 3:13</verse>
<note>13 κύριος WH Treg NA28 ] Χριστὸς RP</note>

<verse>Colossians 3:14</verse>
<note>14 ὅ WH Treg NA28 ] ἥτις RP</note>

<verse>Colossians 3:15</verse>
<note>15 Χριστοῦ WH Treg NA28 ] θεοῦ RP</note>

<verse>Colossians 3:16</verse>
<note>16 ψαλμοῖς WH Treg NA28 ] + καὶ RP </note>
<note>• ὕμνοις WH Treg NA28 ] + καὶ RP </note>
<note>• ἐν WH RP ] + τῇ Treg NA28 </note>
<note>• ταῖς καρδίαις WH Treg NA28 ] τῇ καρδίᾳ RP </note>
<note>• θεῷ WH Treg NA28 ] κυρίῳ RP</note>

<verse>Colossians 3:17</verse>
<note>17 ὅ τι Treg NA28 RP ] ὅτι WH </note>
<note>• ἐὰν WH Treg NA28 ] ἂν RP </note>
<note>• θεῷ WH Treg NA28 ] + καὶ RP</note>

<verse>Colossians 3:18</verse>
<note>18 τοῖς WH Treg NA28 ] + ἰδίοις RP</note>

<verse>Colossians 3:20</verse>
<note>20 εὐάρεστόν ἐστιν WH Treg NA28 ] ἐστιν εὐάρεστον RP</note>

<verse>Colossians 3:22</verse>
<note>22 ὀφθαλμοδουλίαις WH Treg RP ] ὀφθαλμοδουλίᾳ NA28 </note>
<note>• κύριον WH Treg NA28 ] θεόν RP</note>

<verse>Colossians 3:23</verse>
<note>23 ὃ WH Treg NA28 ] καὶ πᾶν ὃ τι RP</note>

<verse>Colossians 3:24</verse>
<note>24 ἀπολήμψεσθε WH Treg NA28 ] λήψεσθε RP </note>
<note>• τῷ WH Treg NA28 ] + γὰρ RP</note>

<verse>Colossians 3:25</verse>
<note>25 γὰρ WH Treg NA28 ] δὲ RP</note>

<verse>Colossians 4:1</verse>
<note>4:1 οὐρανῷ WH Treg NA28 ] οὐρανοῖς RP</note>

<verse>Colossians 4:8</verse>
<note>8 γνῶτε WH Treg NA28 ] γνῷ RP </note>
<note>• ἡμῶν WH Treg NA28 ] ὑμῶν RP</note>

<verse>Colossians 4:12</verse>
<note>12 Χριστοῦ RP ] + Ἰησοῦ WH Treg NA28 </note>
<note>• σταθῆτε WH Treg NA28 ] στῆτε RP </note>
<note>• πεπληροφορημένοι WH Treg NA28 ] πεπληρωμένοι RP</note>

<verse>Colossians 4:13</verse>
<note>13 πολὺν πόνον WH Treg NA28 ] ζῆλον πολὺν RP</note>

<verse>Colossians 4:15</verse>
<note>15 Νύμφαν καὶ … οἶκον αὐτῆς WH NA28 ] Νυμφᾶν καὶ … οἶκον αὐτῶν Treg; Νυμφᾶν καὶ … οἶκον αὐτοῦ RP</note>

<verse>Colossians 4:16</verse>
<note>16 Λαοδικέων WH Treg NA28 ] Λαοδικαίων RP</note>

<verse>Colossians 4:18</verse>
<note>18 ὑμῶν WH Treg NA28 ] + Ἀμήν RP</note>
</book>
