<book>
<book-name>ΚΑΤΑ ΙΩΑΝΝΗΝ</book-name>

<verse>John 1:15</verse>
<note>1:15 ὃν εἶπον Treg NA28 RP ] ὁ εἰπών WH</note>

<verse>John 1:16</verse>
<note>16 ὅτι WH Treg NA28 ] Καὶ RP</note>

<verse>John 1:18</verse>
<note>18 μονογενὴς θεὸς WH Treg NA28 ] ὁ μονογενὴς υἱός RP</note>

<verse>John 1:19</verse>
<note>19 ἀπέστειλαν NIV RP ] + πρὸς αὐτὸν WH Treg NA28</note>

<verse>John 1:20</verse>
<note>20 Ἐγὼ οὐκ εἰμὶ WH Treg NA28 ] Οὐκ εἰμὶ ἐγὼ RP</note>

<verse>John 1:21</verse>
<note>21 σὺ Ἠλίας εἶ WH Treg NA28 ] Ἠλίας εἶ σύ RP</note>

<verse>John 1:24</verse>
<note>24 Καὶ WH Treg NA28 ] + οἱ RP</note>

<verse>John 1:25</verse>
<note>25 οὐδὲ … οὐδὲ WH Treg NA28 ] οὔτε … οὔτε RP</note>

<verse>John 1:26</verse>
<note>26 μέσος WH Treg NA28 ] + δὲ NIV RP </note>
<note>• ἕστηκεν NA28 RP ] στήκει WH Treg</note>

<verse>John 1:27</verse>
<note>27 ὁ Treg NA28 ] – WH; αὐτός ἐστιν ὁ RP </note>
<note>• ἐρχόμενος WH Treg NA28 ] + ὃς ἔμπροσθέν μου γέγονεν RP </note>
<note>• οὐκ εἰμὶ Holmes WHmarg ] οὐκ εἰμὶ ἐγὼ WH Treg NA28; ἐγὼ οὐκ εἰμὶ RP</note>

<verse>John 1:28</verse>
<note>28 ὁ WH Treg NA28 ] – RP</note>

<verse>John 1:30</verse>
<note>30 ὑπὲρ WH Treg NA28 ] περὶ RP</note>

<verse>John 1:31</verse>
<note>31 ἐν WH Treg NA28 ] + τῷ RP</note>

<verse>John 1:32</verse>
<note>32 ὡς WH Treg NA28 ] ὡσεὶ RP</note>

<verse>John 1:34</verse>
<note>34 ἐκλεκτὸς Holmes WHmarg ] υἱὸς WH Treg NA28 RP</note>

<verse>John 1:35</verse>
<note>35 ὁ NA28 RP ] – WH Treg</note>

<verse>John 1:37</verse>
<note>37 οἱ δύο μαθηταὶ αὐτοῦ WH Treg NA28 ] αὐτοῦ οἱ δύο μαθηταὶ RP</note>

<verse>John 1:38</verse>
<note>38 μεθερμηνευόμενον WH Treg NA28 ] ἑρμηνευόμενον RP</note>

<verse>John 1:39</verse>
<note>39 ὄψεσθε. ἦλθαν οὖν WH Treg NA28 ] ἴδετε. ἦλθαν RP</note>

<verse>John 1:41</verse>
<note>41 πρῶτον WH Treg NA28 ] πρῶτος RP</note>

<verse>John 1:42</verse>
<note>42 ἤγαγεν WH Treg NA28 ] καὶ ἤγαγεν RP </note>
<note>• Ἰωάννου WH Treg NA28 ] Ἰωνᾶ RP</note>

<verse>John 1:45</verse>
<note>45 Ἰησοῦν WH NA28 ] + τὸν Treg RP</note>

<verse>John 1:46</verse>
<note>46 ὁ WH Treg NA28 ] – RP</note>

<verse>John 1:47</verse>
<note>47 ὁ RP NA28 ] – WH Treg</note>

<verse>John 1:49</verse>
<note>49 αὐτῷ Ναθαναήλ WH Treg NA28 ] Ναθαναήλ καὶ λέγει αὐτῷ RP </note>
<note>• βασιλεὺς εἶ WH Treg NA28 ] εἶ ὁ βασιλεὺς RP</note>

<verse>John 1:50</verse>
<note>50 ὅτι WH Treg NA28 ] – RP </note>
<note>• ὄψῃ WH Treg NA28 ] ὄψει RP</note>

<verse>John 1:51</verse>
<note>51 ὑμῖν WH Treg NA28 ] + ἀπʼ ἄρτι RP</note>

<verse>John 2:1</verse>
<note>2:1 ἡμέρᾳ τῇ τρίτῃ WH NA28 RP ] τρίτῃ ἡμέρᾳ Treg</note>

<verse>John 2:4</verse>
<note>4 καὶ WH Treg NA28 ] – RP</note>

<verse>John 2:5</verse>
<note>5 Ὅ τι Treg NA28 RP ] Ὅτι WH</note>

<verse>John 2:6</verse>
<note>6 λίθιναι ὑδρίαι WH Treg NA28 ] ὑδρίαι λίθιναι RP </note>
<note>• κατὰ … Ἰουδαίων κείμεναι WH Treg NA28 ] κείμεναι κατὰ … Ἰουδαίων RP</note>

<verse>John 2:8</verse>
<note>8 οἱ δὲ WH Treg NA28 ] Καὶ RP</note>

<verse>John 2:10</verse>
<note>10 μεθυσθῶσιν WH NA28 ] + τότε Treg RP</note>

<verse>John 2:11</verse>
<note>11 ἐποίησεν WH Treg NA28 ] + τὴν RP</note>

<verse>John 2:12</verse>
<note>12 ἀδελφοὶ WH Treg ] + αὐτοῦ NA28 RP</note>

<verse>John 2:15</verse>
<note>15 τὰ κέρματα WH Treg ] τὸ κέρμα NA28 RP </note>
<note>• ἀνέστρεψεν Treg RP ] ἀνέτρεψεν WH NA28</note>

<verse>John 2:17</verse>
<note>17 ἐμνήσθησαν WH Treg NA28 ] + δὲ RP</note>

<verse>John 2:22</verse>
<note>22 ὃν WH Treg NA28 ] ᾧ RP</note>

<verse>John 2:24</verse>
<note>24 δὲ WH Treg NA28 ] + ὁ RP </note>
<note>• αὑτὸν WH ] αὐτὸν Treg NA28; ἑαυτὸν RP</note>

<verse>John 3:2</verse>
<note>3:2 δύναται ταῦτα τὰ σημεῖα WH Treg NA28 ] ταῦτα τὰ σημεῖα δύναται RP</note>

<verse>John 3:3</verse>
<note>3 ἀπεκρίθη WH Treg NA28 ] + ὁ RP</note>

<verse>John 3:4</verse>
<note>4 ὁ WH NA28 RP ] – Treg</note>

<verse>John 3:5</verse>
<note>5 ἀπεκρίθη NA28 RP ] + ὁ WH Treg</note>

<verse>John 3:13</verse>
<note>13 ἀνθρώπου WH NA28 ] + ὁ ὢν ἐν τῷ οὐρανῷ Treg RP</note>

<verse>John 3:15</verse>
<note>15 ἐν αὐτῷ WH Treg NA28 ] εἰς αὐτὸν μὴ ἀπόληται ἀλλʼ RP</note>

<verse>John 3:16</verse>
<note>16 υἱὸν WH NA28 ] + αὐτοῦ Treg RP</note>

<verse>John 3:17</verse>
<note>17 υἱὸν WH NA28 ] + αὐτοῦ Treg RP</note>

<verse>John 3:18</verse>
<note>18 δὲ Treg NA28 RP ] – WH</note>

<verse>John 3:19</verse>
<note>19 αὐτῶν πονηρὰ WH Treg NA28 ] πονηρὰ αὐτῶν RP</note>

<verse>John 3:23</verse>
<note>23 ὁ WH NA28 ] – Treg RP</note>

<verse>John 3:24</verse>
<note>24 ὁ Treg NA28 RP ] – WH</note>

<verse>John 3:27</verse>
<note>27 οὐδὲ ἓν NA28 ] οὐδὲν WH Treg RP</note>

<verse>John 3:28</verse>
<note>28 μοι WH Treg NA28 ] – RP </note>
<note>• εἶπον Treg RP ] + ἐγώ WH; + ὅτι NA28</note>

<verse>John 3:32</verse>
<note>32 ὃ WH Treg NA28 ] καὶ ὃ RP</note>

<verse>John 3:34</verse>
<note>34 δίδωσιν WH NA28 ] + ὁ θεὸς Treg RP</note>

<verse>John 4:1</verse>
<note>4:1 Ἰησοῦς NA28 ] κύριος WH Treg NIV RP</note>

<verse>John 4:3</verse>
<note>3 πάλιν WH Treg NA28 ] – RP</note>

<verse>John 4:5</verse>
<note>5 τῷ WH NA28 ] – Treg RP</note>

<verse>John 4:6</verse>
<note>6 ὡς WH Treg NA28 ] ὡσεὶ RP</note>

<verse>John 4:9</verse>
<note>9 γυναικὸς Σαμαρίτιδος οὔσης WH Treg NA28 ] οὔσης γυναικὸς Σαμαρείτιδος RP</note>

<verse>John 4:11</verse>
<note>11 ἡ γυνή Treg NA28 RP ] – WH</note>

<verse>John 4:14</verse>
<note>14 διψήσει WH Treg NA28 ] διψήσῃ RP</note>

<verse>John 4:15</verse>
<note>15 διέρχωμαι WH NA28 ] ἔρχωμαι Treg; ἔρχομαι RP</note>

<verse>John 4:16</verse>
<note>16 αὐτῇ WH NA28 ] + ὁ Ἰησοῦς Treg RP </note>
<note>• τὸν ἄνδρα σου Treg NA28 RP ] σου τὸν ἄνδρα WH</note>

<verse>John 4:17</verse>
<note>17 αὐτῷ WH NA28 ] – Treg RP</note>

<verse>John 4:20</verse>
<note>20 προσκυνεῖν δεῖ WH Treg NA28 ] δεῖ προσκυνεῖν RP</note>

<verse>John 4:21</verse>
<note>21 Πίστευέ μοι, γύναι WH Treg NA28 ] Γύναι, πίστευέ μοι RP</note>

<verse>John 4:25</verse>
<note>25 ἅπαντα WH Treg NA28 ] πάντα RP</note>

<verse>John 4:27</verse>
<note>27 ἐθαύμαζον WH Treg NA28 ] ἐθαύμασαν RP</note>

<verse>John 4:29</verse>
<note>29 ὅσα Treg NA28 RP ] ἃ WH</note>

<verse>John 4:31</verse>
<note>31 Ἐν WH Treg NA28 ] + δὲ RP</note>

<verse>John 4:34</verse>
<note>34 ποιήσω WH Treg NA28 ] ποιῶ RP</note>

<verse>John 4:36</verse>
<note>36 ὁ WH Treg NA28 ] Καὶ ὁ RP </note>
<note>• ἵνα WH Treg NA28 ] + καὶ RP</note>

<verse>John 4:37</verse>
<note>37 ἐστὶν WH Treg NA28 ] + ὁ RP</note>

<verse>John 4:39</verse>
<note>39 ἃ WH Treg NA28 ] ὅσα RP</note>

<verse>John 4:42</verse>
<note>42 κόσμου WH Treg NA28 ] + ὁ χριστός RP</note>

<verse>John 4:43</verse>
<note>43 ἐκεῖθεν WH Treg NA28 ] + καὶ ἀπῆλθεν RP</note>

<verse>John 4:44</verse>
<note>44 γὰρ WH Treg NA28 ] + ὁ RP</note>

<verse>John 4:45</verse>
<note>45 ὅσα WH Treg NA28 ] ἃ RP</note>

<verse>John 4:46</verse>
<note>46 πάλιν WH Treg NA28 ] + ὁ Ἰησοῦς RP</note>

<verse>John 4:47</verse>
<note>47 ἠρώτα WH Treg NA28 ] + αὐτὸν RP</note>

<verse>John 4:50</verse>
<note>50 ἐπίστευσεν WH Treg NA28 ] καὶ ἐπίστευσεν RP </note>
<note>• ὃν WH Treg NA28 ] ᾧ RP</note>

<verse>John 4:51</verse>
<note>51 ὑπήντησαν WH Treg NA28 ] ἀπήντησαν RP </note>
<note>• αὐτῷ WH NA28 ] + καὶ ἀπήγγειλαν Treg RP </note>
<note>• αὐτοῦ WH Treg NA28 ] σου RP</note>

<verse>John 4:52</verse>
<note>52 τὴν ὥραν παρʼ αὐτῶν WH Treg NA28 ] παρʼ αὐτῶν τὴν ὥραν RP </note>
<note>• εἶπαν οὖν WH Treg NA28 ] Καὶ εἶπον RP </note>
<note>• Ἐχθὲς WH Treg NA28 ] Χθὲς RP</note>

<verse>John 4:53</verse>
<note>53 ὅτι WH ] + ἐν Treg NA28 RP</note>
<note>• Ἰησοῦς WH Treg NA28 ] + ὅτι RP</note>

<verse>John 4:54</verse>
<note>54 δὲ WH Treg NA28 ] – RP</note>

<verse>John 5:1</verse>
<note>5:1 ἦν WH Treg NA28 ] + ἡ RP </note>
<note>• ἀνέβη WH Treg NA28 ] + ὁ RP</note>

<verse>John 5:2</verse>
<note>2 Βηθεσδά Treg NIV RP ] Βηθζαθά WH NA28</note>

<verse>John 5:3</verse>
<note>3 πλῆθος WH Treg NA28 ] + πολὺ RP </note>
<note>• ξηρῶν WH Treg NA28 ] + ἐκδεχομένων τὴν τοῦ ὕδατος κίνησιν. 4 ἄγγελος γὰρ κατὰ καιρὸν κατέβαινεν ἐν τῇ κολυμβήθρᾳ, καὶ ἐτάρασσεν τὸ ὕδωρ· ὁ οὖν πρῶτος ἐμβὰς μετὰ τὴν ταραχὴν τοῦ ὕδατος, ὑγιὴς ἐγίνετο, ᾧ δήποτε κατείχετο νοσήματι. RP</note>

<verse>John 5:5</verse>
<note>5 τριάκοντα Treg RP ] + καὶ WH NA28 </note>
<note>• αὐτοῦ WH Treg NA28 ] – RP</note>

<verse>John 5:8</verse>
<note>8 Ἔγειρε WH Treg NA28 ] Ἔγειραι RP</note>

<verse>John 5:10</verse>
<note>10 καὶ WH Treg NA28 ] – RP </note>
<note>• κράβαττον WH Treg RP ] + σου NA28</note>

<verse>John 5:11</verse>
<note>11 ὃς δὲ WH Treg ] ὁ δὲ NA28; – RP</note>

<verse>John 5:12</verse>
<note>12 οὖν Treg RP ] – WH NA28 </note>
<note>• Ἆρον WH NA28 ] + τὸν κράβαττόν σου Treg RP</note>

<verse>John 5:14</verse>
<note>14 σοί τι WH Treg NA28 ] τί σοι RP</note>

<verse>John 5:15</verse>
<note>15 ἀνήγγειλεν Treg NA28 RP ] εἶπεν WH</note>

<verse>John 5:16</verse>
<note>16 οἱ Ἰουδαῖοι τὸν Ἰησοῦν WH Treg NA28 ] τὸν Ἰησοῦν οἱ Ἰουδαῖοι καὶ ἐζήτουν αὐτὸν ἀποκτεῖναι RP</note>

<verse>John 5:17</verse>
<note>17 δὲ WH ] + Ἰησοῦς Treg NA28 RP</note>

<verse>John 5:19</verse>
<note>19 ἔλεγεν WH NA28 ] εἶπεν Treg RP </note>
<note>• ἐὰν Treg NA28 RP ] ἂν WH</note>

<verse>John 5:25</verse>
<note>25 ἀκούσουσιν WH Treg NA28 ] ἀκούσονται RP </note>
<note>• ζήσουσιν WH Treg NA28 ] ζήσονται RP</note>

<verse>John 5:26</verse>
<note>26 καὶ τῷ υἱῷ ἔδωκεν WH Treg NA28 ] ἔδωκεν καὶ τῷ υἱῷ RP</note>

<verse>John 5:27</verse>
<note>27 αὐτῷ WH Treg NA28 ] + καὶ RP</note>

<verse>John 5:28</verse>
<note>28 ἀκούσουσιν WH Treg NA28 ] ἀκούσονται RP</note>

<verse>John 5:29</verse>
<note>29 δὲ Treg NA28 RP ] – WH</note>

<verse>John 5:30</verse>
<note>30 με WH Treg NA28 ] + πατρός RP</note>

<verse>John 5:36</verse>
<note>36 μείζω WH NA28 RP ] μείζων Treg </note>
<note>• δέδωκέν WH Treg NA28 ] ἔδωκέν RP </note>
<note>• ἃ WH Treg NA28 ] + ἐγὼ RP</note>

<verse>John 5:37</verse>
<note>37 ἐκεῖνος WH Treg NA28 ] αὐτὸς RP </note>
<note>• πώποτε ἀκηκόατε WH Treg NA28 ] ἀκηκόατε πώποτε RP</note>

<verse>John 5:38</verse>
<note>38 ἐν ὑμῖν μένοντα WH Treg NA28 ] μένοντα ἐν ὑμῖν RP</note>

<verse>John 6:2</verse>
<note>6:2 ἠκολούθει δὲ WH Treg NA28 ] καὶ ἠκολούθει RP </note>
<note>• ἐθεώρουν WH Treg NA28 ] ἑώρων αὐτοῦ RP</note>

<verse>John 6:3</verse>
<note>3 ὄρος WH Treg NA28 ] + ὁ RP</note>

<verse>John 6:5</verse>
<note>5 τοὺς ὀφθαλμοὺς ὁ Ἰησοῦς WH Treg NA28 ] ὁ Ἰησοῦς τοὺς ὀφθαλμοὺς RP </note>
<note>• πρὸς WH Treg NA28 ] + τὸν RP </note>
<note>• ἀγοράσωμεν WH Treg NA28 ] ἀγοράσομεν RP</note>

<verse>John 6:7</verse>
<note>7 αὐτῷ WH Treg RP ] + ὁ NA28 </note>
<note>• ἕκαστος WH Treg NA28 ] + αὐτῶν RP </note>
<note>• τι RP NA28 ] – WH Treg</note>

<verse>John 6:9</verse>
<note>9 παιδάριον WH Treg NA28 ] + ἓν RP </note>
<note>• ὃς WH Treg NA28 ] ὃ RP</note>

<verse>John 6:10</verse>
<note>10 εἶπεν WH Treg NA28 ] + δὲ RP </note>
<note>• ὡς WH Treg NA28 ] ὡσεὶ RP</note>

<verse>John 6:11</verse>
<note>11 οὖν WH Treg NA28 ] δὲ RP </note>
<note>• διέδωκεν WH Treg NA28 ] + τοῖς μαθηταῖς οἱ δὲ μαθηταὶ RP</note>

<verse>John 6:13</verse>
<note>13 ἐπερίσσευσαν WH Treg NA28 ] ἐπερίσσευσεν RP</note>

<verse>John 6:14</verse>
<note>14 ὃ ἐποίησεν σημεῖον Treg NA28 RP ] ἃ ἐποίησεν σημεῖα WH </note>
<note>• ἔλεγον WH Treg NA28 ] ὁ Ἰησοῦς ἔλεγον RP</note>

<verse>John 6:15</verse>
<note>15 ποιήσωσιν WH Treg NA28 ] + αὐτὸν RP </note>
<note>• πάλιν WH Treg NA28 ] – RP</note>

<verse>John 6:17</verse>
<note>17 εἰς WH Treg NA28 ] + τὸ RP </note>
<note>• οὔπω WH Treg NA28 ] οὐκ RP</note>

<verse>John 6:18</verse>
<note>18 διεγείρετο WH Treg NA28 ] διηγείρετο RP</note>

<verse>John 6:21</verse>
<note>21 ἐγένετο τὸ πλοῖον WH Treg NA28 ] τὸ πλοῖον ἐγένετο RP</note>

<verse>John 6:22</verse>
<note>22 εἶδον WH Treg NA28 ] ἰδὼν RP </note>
<note>• ἕν WH Treg NA28 ] + ἐκεῖνο εἰς ὃ ἐνέβησαν οἱ μαθηταὶ αὐτοῦ RP </note>
<note>• πλοῖον WH Treg NA28 ] πλοιάριον RP</note>

<verse>John 6:23</verse>
<note>23 ἀλλὰ WH Treg ] ἄλλα NA28; ἄλλα δὲ RP </note>
<note>• πλοιάρια Treg NA28 RP ] πλοῖα WH</note>

<verse>John 6:24</verse>
<note>24 πλοιάρια WH Treg NA28 ] πλοῖα RP</note>

<verse>John 6:29</verse>
<note>29 ὁ WH Treg NA28 ] – RP </note>
<note>• πιστεύητε WH Treg NA28 ] πιστεύσητε RP</note>

<verse>John 6:32</verse>
<note>32 δέδωκεν NA28 RP ] ἔδωκεν WH Treg</note>

<verse>John 6:35</verse>
<note>35 Εἶπεν WH Treg NA28 ] + οὖν NIV; + δὲ RP </note>
<note>• ἐμὲ WH Treg NA28 ] με RP </note>
<note>• διψήσει WH Treg NA28 ] διψήσῃ RP</note>

<verse>John 6:37</verse>
<note>37 με WH Treg RP ] ἐμὲ NA28</note>

<verse>John 6:38</verse>
<note>38 ἀπὸ WH Treg NA28 ] ἐκ RP</note>

<verse>John 6:39</verse>
<note>39 με WH Treg NA28 ] + πατρός RP </note>
<note>• αὐτὸ WH Treg RP ] + ἐν NA28</note>

<verse>John 6:40</verse>
<note>40 γάρ WH Treg NA28 ] δέ RP </note>
<note>• πατρός μου WH Treg NA28 ] πέμψαντός με RP </note>
<note>• ἐγὼ WH Treg RP ] + ἐν NA28</note>

<verse>John 6:42</verse>
<note>42 Οὐχ NA28 RP ] Οὐχὶ WH Treg </note>
<note>• νῦν WH Treg NA28 ] οὖν RP </note>
<note>• λέγει WH Treg NA28 ] + οὗτος RP</note>

<verse>John 6:43</verse>
<note>43 ἀπεκρίθη WH Treg NA28 ] + οὖν ὁ RP</note>

<verse>John 6:44</verse>
<note>44 με WH Treg NA28 ] ἐμέ RP</note>

<verse>John 6:45</verse>
<note>45 πᾶς WH Treg NA28 ] + οὖν RP </note>
<note>• ἀκούσας WH Treg NA28 ] ἀκούων RP </note>
<note>• ἐμέ WH Treg NA28 ] με RP</note>

<verse>John 6:46</verse>
<note>46 ἑώρακέν τις WH Treg NA28 ] τις ἑώρακεν RP</note>

<verse>John 6:47</verse>
<note>47 πιστεύων WH NA28 ] + εἰς ἐμέ Treg RP</note>

<verse>John 6:49</verse>
<note>49 ἐν τῇ ἐρήμῳ τὸ μάννα WH Treg NA28 ] τὸ μάννα ἐν τῇ ἐρήμῳ RP</note>

<verse>John 6:51</verse>
<note>51 ζήσει WH NA28 ] ζήσεται Treg RP </note>
<note>• ἐστιν WH Treg NA28 ] + ἣν ἐγὼ δώσω RP</note>

<verse>John 6:52</verse>
<note>52 αὐτοῦ WH NA28 ] – Treg RP</note>

<verse>John 6:55</verse>
<note>55 ⸀ἀληθής WH Treg NA28 ] ἀληθῶς RP </note>
<note>• ⸁ἀληθής WH Treg NA28 ] ἀληθῶς RP</note>

<verse>John 6:57</verse>
<note>57 ζήσει WH Treg NA28 ] ζήσεται RP</note>

<verse>John 6:58</verse>
<note>58 ἐξ WH Treg NA28 ] ἐκ τοῦ RP </note>
<note>• πατέρες WH Treg NA28 ] + ὑμῶν τὸ μάννα NIV RP </note>
<note>• ζήσει WH Treg NA28 ] ζήσεται RP</note>

<verse>John 6:60</verse>
<note>60 ὁ λόγος οὗτος WH Treg NA28 ] οὗτος ὁ λόγος RP</note>

<verse>John 6:63</verse>
<note>63 λελάληκα WH Treg NA28 ] λαλῶ RP</note>

<verse>John 6:65</verse>
<note>65 πατρός WH Treg NA28 ] + μου RP</note>

<verse>John 6:66</verse>
<note>66 ἐκ WH Treg NA28 ] – RP </note>
<note>• τῶν μαθητῶν αὐτοῦ ἀπῆλθον WH Treg NA28 ] ἀπῆλθον τῶν μαθητῶν αὐτοῦ RP</note>

<verse>John 6:68</verse>
<note>68 ἀπεκρίθη WH Treg NA28 ] + οὖν RP</note>

<verse>John 6:69</verse>
<note>69 ἅγιος WH Treg NA28 ] χριστὸς ὁ υἱὸς RP </note>
<note>• θεοῦ WH Treg NA28 ] + τοῦ ζῶντος RP</note>

<verse>John 6:71</verse>
<note>71 Ἰσκαριώτου WH Treg NA28 ] Ἰσκαριώτην RP </note>
<note>• παραδιδόναι αὐτόν WH Treg NA28 ] αὐτὸν παραδιδόναι RP </note>
<note>• εἷς WH Treg NA28 ] + ὢν RP</note>

<verse>John 7:1</verse>
<note>7:1 μετὰ ταῦτα περιεπάτει ὁ Ἰησοῦς WH Treg NA28 ] περιεπάτει ὁ Ἰησοῦς μετὰ ταῦτα RP</note>

<verse>John 7:3</verse>
<note>3 θεωρήσουσιν WH Treg NA28 ] θεωρήσωσιν RP </note>
<note>• σοῦ τὰ ἔργα WH Treg NA28 ] τὰ ἔργα σου RP; τὰ ἔργα NIV</note>

<verse>John 7:4</verse>
<note>4 τι ἐν κρυπτῷ WH Treg NA28 ] ἐν κρυπτῷ τι RP</note>

<verse>John 7:8</verse>
<note>8 ἑορτήν WH Treg NA28 ] + ταύτην RP </note>
<note>• οὐκ Treg NA28 ] οὔπω WH NIV RP </note>
<note>• ἐμὸς καιρὸς WH Treg NA28 ] καιρὸς ὁ ἐμὸς RP</note>

<verse>John 7:9</verse>
<note>9 δὲ WH NA28 RP ] – Treg </note>
<note>• αὐτὸς Treg NA28 ] αὐτοῖς WH RP</note>

<verse>John 7:10</verse>
<note>10 εἰς τὴν ἑορτήν τότε καὶ αὐτὸς ἀνέβη WH Treg NA28 ] τότε καὶ αὐτὸς ἀνέβη εἰς τὴν ἑορτήν RP</note>

<verse>John 7:12</verse>
<note>12 περὶ αὐτοῦ ἦν πολὺς WH Treg NA28 ] πολὺς περὶ αὐτοῦ ἦν RP </note>
<note>• δὲ WH Treg NA28 ] – RP</note>

<verse>John 7:14</verse>
<note>14 ἀνέβη WH Treg NA28 ] + ὁ RP</note>

<verse>John 7:15</verse>
<note>15 ἐθαύμαζον οὖν WH Treg NA28 ] Καὶ ἐθαύμαζον RP</note>

<verse>John 7:16</verse>
<note>16 ὁ NA28 RP ] – WH Treg</note>

<verse>John 7:19</verse>
<note>19 δέδωκεν NA28 RP ] ἔδωκεν WH Treg</note>

<verse>John 7:20</verse>
<note>20 ὄχλος WH Treg NA28 ] + καὶ εἶπεν RP</note>

<verse>John 7:23</verse>
<note>23 λαμβάνει Treg NA28 RP ] + ὁ WH</note>

<verse>John 7:24</verse>
<note>24 κρίνετε WH Treg NA28 ] κρίνατε RP</note>

<verse>John 7:26</verse>
<note>26 ἐστιν WH Treg NA28 ] + ἀληθῶς RP</note>

<verse>John 7:31</verse>
<note>31 ἐκ τοῦ ὄχλου δὲ πολλοὶ WH Treg NA28 ] Πολλοὶ δὲ ἐκ τοῦ ὄχλου RP </note>
<note>• ἔλεγον WH Treg NA28 ] + ὅτι RP </note>
<note>• μὴ WH Treg NA28 ] μήτι RP </note>
<note>• σημεῖα WH Treg NA28 ] + τούτων RP</note>

<verse>John 7:32</verse>
<note>32 οἱ ἀρχιερεῖς καὶ οἱ Φαρισαῖοι ὑπηρέτας WH Treg NA28 ] ὑπηρέτας οἱ Φαρισαῖοι καὶ οἱ ἀρχιερεῖς RP</note>

<verse>John 7:33</verse>
<note>33 χρόνον μικρὸν WH Treg NA28 ] μικρὸν χρόνον RP</note>

<verse>John 7:34</verse>
<note>34 εὑρήσετε Treg RP ] + με WH NA28</note>

<verse>John 7:36</verse>
<note>36 ὁ λόγος οὗτος WH Treg NA28 ] οὗτος ὁ λόγος RP </note>
<note>• εὑρήσετε Treg RP ] + με WH NA28</note>

<verse>John 7:39</verse>
<note>39 οὗ WH Treg RP ] ὃ NA28 </note>
<note>• πιστεύσαντες WH Treg NA28 ] πιστεύοντες RP </note>
<note>• πνεῦμα WH NA28 ] + ἅγιον Treg RP; + δεδομένον NIV </note>
<note>• οὐδέπω NA28 RP ] οὔπω WH Treg</note>

<verse>John 7:40</verse>
<note>40 Ἐκ τοῦ ὄχλου οὖν WH Treg NA28 ] Πολλοὶ οὖν ἐκ τοῦ ὄχλου RP </note>
<note>• τῶν λόγων τούτων WH Treg NA28 ] τὸν λόγον RP </note>
<note>• ἔλεγον Treg NA28 RP ] + ὅτι WH</note>

<verse>John 7:41</verse>
<note>41 οἱ δὲ WH Treg NA28 ] Ἄλλοι RP</note>

<verse>John 7:42</verse>
<note>42 οὐχ WH Treg NA28 ] Οὐχὶ RP </note>
<note>• ἔρχεται ὁ χριστός WH Treg NA28 ] ὁ χριστός ἔρχεται RP</note>

<verse>John 7:43</verse>
<note>43 ἐγένετο ἐν τῷ ὄχλῳ WH Treg NA28 ] ἐν τῷ ὄχλῳ ἐγένετο RP</note>

<verse>John 7:44</verse>
<note>44 ἐπέβαλεν NA28 RP ] ἔβαλεν WH Treg</note>

<verse>John 7:46</verse>
<note>46 ἐλάλησεν οὕτως WH Treg NA28 ] οὕτως ἐλάλησεν RP </note>
<note>• ἄνθρωπος WH NA28 ] + ὡς οὗτος ὁ ἄνθρωπος Treg RP</note>

<verse>John 7:49</verse>
<note>49 ἐπάρατοί WH Treg NA28 ] ἐπικατάρατοί RP</note>

<verse>John 7:50</verse>
<note>50 ἐλθὼν WH Treg NA28 ] + νυκτὸς RP </note>
<note>• πρότερον WH Treg ] τὸ πρότερον NA28; – RP</note>

<verse>John 7:51</verse>
<note>51 πρῶτον παρʼ αὐτοῦ WH Treg NA28 ] παρʼ αὐτοῦ πρότερον RP</note>

<verse>John 7:52</verse>
<note>52 ἐκ τῆς Γαλιλαίας προφήτης WH Treg NA28 ] προφήτης ἐκ τῆς Γαλιλαίας RP </note>
<note>• ἐγείρεται WH Treg NA28 ] ἐγηγέρται RP; + 7:53–8:11 RP: 53 καὶ ἐπορεύθη ἕκαστος εἰς τὸν οἶκον αὐτοῦ· 8:1 Ἰησοῦς δὲ ἐπορεύθη εἰς τὸ ὄρος τῶν Ἐλαιῶν. 2 Ὄρθρου δὲ πάλιν παρεγένετο εἰς τὸ ἱερόν, καὶ πᾶς ὁ λαὸς ἤρχετο· καὶ καθίσας ἐδίδασκεν αὐτούς. 3 ἄγουσιν δὲ οἱ γραμματεῖς καὶ οἱ Φαρισαῖοι πρὸς αὐτὸν γυναῖκα ἐν μοιχείᾳ καταλήφθεισαν· καὶ στήσαντες αὐτὴν ἐν μέσῳ, 4 λέγουσιν αὐτῷ, πειράζοντες· Διδάσκαλε, αὕτη ἡ γυνὴ κατελήφθη ἐπʼ αὐτοφόρῳ μοιχευομένη. 5 ἐν δὲ τῷ νόμῳ Μωσῆς ἡμῖν ἐνετείλατο τὰς τοιαύτας λιθοβολεῖσθαι· σὺ οὖν τί λέγεις; 6 τοῦτο δὲ ἔλεγον πειράζοντες αὐτόν, ἵνα ἔχωσιν κατηγορεῖν αὐτοῦ. ὁ δὲ Ἰησοῦς κάτω κύψας, τῷ δακτύλῳ ἔγραφεν εἰς τὴν γῆν, μὴ προσποιούμενος. 7 ὡς δὲ ἐπέμενον ἐρωτῶντες αὐτόν, ἀνακύψας εἶπεν πρὸς αὐτούς· Ὁ ἀναμάρτητος ὑμῶν, πρῶτον ἐπʼ αὐτὴν τὸν λίθον βαλέτω. 8 καὶ πάλιν κάτω κύψας ἔγραφεν εἰς τὴν γῆν. 9 οἱ δέ, ἀκούσαντες, καὶ ὑπὸ τῆς συνειδήσεως ἐλεγχόμενοι, ἐξήρχοντο εἷς καθʼ εἷς, ἀρξάμενοι ἀπὸ τῶν πρεσβυτέρων· καὶ κατελείφθη μόνος ὁ Ἰησοῦς, καὶ ἡ γυνὴ ἐν μέσῳ οὖσα. 10 ἀνακύψας δὲ ὁ Ἰησοῦς, καὶ μηδένα θεασάμενος πλὴν τὴς γυναικός, εἶπεν αὐτῇ· Ποῦ εἰσιν ἐκεῖνοι οἱ κατήγοροί σου; Οὐδείς σε κατέκρινεν; 11 ἡ δὲ εἶπεν· Οὐδείς, κύριε. εἶπεν δὲ ὁ Ἰησοῦς· Οὐδὲ ἐγώ σε κρίνω· πορεύου καὶ μηκέτι ἁμάρτανε.</note>

<verse>John 8:12</verse>
<note>8:12 ἐλάλησεν ὁ Ἰησοῦς WH Treg NA28 ] ὁ Ἰησοῦς ἐλάλησεν RP </note>
<note>• ἐμοὶ NA28 RP ] μοι WH Treg</note>

<verse>John 8:14</verse>
<note>14 ἢ WH Treg NA28 ] καὶ RP</note>

<verse>John 8:16</verse>
<note>16 ἀληθινή WH Treg NA28 ] ἀληθής RP</note>

<verse>John 8:19</verse>
<note>19 ἂν ᾔδειτε WH Treg NA28 ] ᾔδειτε ἂν RP</note>

<verse>John 8:20</verse>
<note>20 ἐλάλησεν WH Treg NA28 ] + ὁ Ἰησοῦς RP</note>

<verse>John 8:21</verse>
<note>21 αὐτοῖς WH Treg NA28 ] + ὁ Ἰησοῦς RP</note>

<verse>John 8:23</verse>
<note>23 ἔλεγεν WH Treg NA28 ] εἶπεν RP </note>
<note>• τούτου τοῦ κόσμου WH Treg NA28 ] τοῦ κόσμου τούτου RP</note>

<verse>John 8:25</verse>
<note>25 εἶπεν WH Treg NA28 ] Καὶ εἶπεν RP </note>
<note>• ὅ τι Treg NA28 RP ] ὅτι WH</note>

<verse>John 8:26</verse>
<note>26 λαλῶ WH Treg NA28 ] λὲγω RP</note>

<verse>John 8:28</verse>
<note>28 οὖν WH Treg NIV ] + αὐτοῖς RP NA28 </note>
<note>• πατὴρ WH Treg NA28 ] + μου RP</note>

<verse>John 8:29</verse>
<note>29 μόνον WH Treg NA28 ] ὁ πατήρ RP</note>

<verse>John 8:33</verse>
<note>33 πρὸς αὐτόν WH Treg NA28 ] αὐτῷ RP</note>

<verse>John 8:35</verse>
<note>35 ὁ WH Treg RP NA28 ] + δὲ NIV</note>

<verse>John 8:38</verse>
<note>38 ἃ ἐγὼ WH Treg NA28 ] Ἐγὼ ὃ RP </note>
<note>• πατρὶ WH Treg NA28 ] + μου RP </note>
<note>• ἃ ἠκούσατε WH Treg NA28 ] ὃ ἑωράκατε RP </note>
<note>• τοῦ πατρὸς WH Treg NA28 ] + ὑμῶν NIV; τῷ πατρὶ ὑμῶν RP</note>

<verse>John 8:39</verse>
<note>39 ἐστε WH Treg NA28 ] ἦτε NIV RP </note>
<note>• ἐποιεῖτε Treg NA28 RP ] ποιεῖτε WH</note>

<verse>John 8:41</verse>
<note>41 εἶπαν WH Treg NIV ] + οὖν RP NA28 </note>
<note>• οὐ γεγεννήμεθα NA28 RP ] οὐκ ἐγεννήθημεν WH Treg</note>

<verse>John 8:42</verse>
<note>42 εἶπεν WH Treg NA28 ] + οὖν RP</note>

<verse>John 8:44</verse>
<note>44 οὐκ ἔστηκεν WH NA28 ] οὐχ ἕστηκεν Treg RP</note>

<verse>John 8:46</verse>
<note>46 εἰ WH Treg NA28 ] + δὲ RP</note>

<verse>John 8:48</verse>
<note>48 Ἀπεκρίθησαν WH Treg NA28 ] + οὖν RP</note>

<verse>John 8:51</verse>
<note>51 ἐμὸν λόγον WH Treg NA28 ] λόγον τὸν ἐμὸν RP</note>

<verse>John 8:52</verse>
<note>52 εἶπον WH Treg ] + οὖν NA28 RP</note>

<verse>John 8:53</verse>
<note>53 σεαυτὸν WH Treg NA28 ] + σὺ RP</note>

<verse>John 8:54</verse>
<note>54 δοξάσω WH Treg NA28 ] δοξάζω RP </note>
<note>• ἡμῶν Treg NA28 RP ] ὑμῶν WH</note>

<verse>John 8:55</verse>
<note>55 ὑμῖν WH Treg NA28 ] ὑμῶν RP</note>

<verse>John 8:58</verse>
<note>58 αὐτοῖς WH Treg NA28 ] + ὁ RP</note>

<verse>John 8:59</verse>
<note>59 ἱεροῦ WH Treg NA28 ] + διελθὼν διὰ μέσου αὐτῶν καὶ παρῆγεν οὕτως RP</note>

<verse>John 9:4</verse>
<note>9:4 ἡμᾶς WH Treg NA28 ] Ἐμὲ RP</note>

<verse>John 9:6</verse>
<note>6 ἐπέχρισεν Treg NA28 RP ] ἐπέθηκεν WH </note>
<note>• αὐτοῦ WH Treg NA28 ] – RP </note>
<note>• ὀφθαλμούς WH Treg NA28 ] + τοῦ τυφλοῦ RP</note>

<verse>John 9:8</verse>
<note>8 προσαίτης WH Treg NA28 ] τυφλὸς RP</note>

<verse>John 9:9</verse>
<note>9 ἔλεγον Οὐχί ἀλλὰ WH Treg NA28 ] δὲ ὅτι RP</note>

<verse>John 9:10</verse>
<note>10 Πῶς Treg RP ] + οὖν WH NA28 </note>

<verse>John 9:11</verse>
<note>11 ἐκεῖνος WH Treg NA28 ] + καὶ εἶπεν RP </note>
<note>• Ὁ ἄνθρωπος ὁ WH Treg NA28 ] Ἄνθρωπος RP </note>
<note>• ὅτι WH Treg NA28 ] – RP </note>
<note>• τὸν WH Treg NA28 ] τὴν κολυμβήθραν τοῦ RP </note>
<note>• οὖν WH Treg NA28 ] δὲ RP</note>

<verse>John 9:12</verse>
<note>12 καὶ εἶπαν WH Treg NA28 ] Εἶπον οὖν RP</note>

<verse>John 9:14</verse>
<note>14 ἐν ᾗ ἡμέρᾳ WH Treg NA28 ] ὅτε RP</note>

<verse>John 9:16</verse>
<note>16 Οὐκ ἔστιν οὗτος παρὰ θεοῦ ὁ ἄνθρωπος WH Treg NA28 ] Οὗτος ὁ ἄνθρωπος οὐκ ἔστιν παρὰ τοῦ θεοῦ RP </note>
<note>• ἄλλοι Treg RP ] + δὲ WH NA28</note>

<verse>John 9:17</verse>
<note>17 οὖν WH Treg NA28 ] – RP </note>
<note>• Τί σὺ WH Treg NA28 ] Σὺ τί RP</note>

<verse>John 9:18</verse>
<note>18 ἦν τυφλὸς WH Treg NA28 ] τυφλὸς ἦν RP </note>
<note>• τοῦ ἀναβλέψαντος WH Treg RP NA28 ] – NIV</note>

<verse>John 9:19</verse>
<note>19 βλέπει ἄρτι WH Treg NA28 ] ἄρτι βλέπει RP</note>

<verse>John 9:20</verse>
<note>20 οὖν WH Treg NA28 ] δὲ αὐτοῖς RP</note>

<verse>John 9:21</verse>
<note>21 αὐτὸν ἐρωτήσατε ἡλικίαν ἔχει WH Treg NA28 ] αὐτὸς ἡλικίαν ἔχει αὐτὸν ἐρωτήσατε RP</note>

<verse>John 9:23</verse>
<note>23 ἐπερωτήσατε WH NA28 ] ἐρωτήσατε Treg RP</note>

<verse>John 9:24</verse>
<note>24 τὸν ἄνθρωπον ἐκ δευτέρου WH Treg NA28 ] ἐκ δευτέρου τὸν ἄνθρωπον RP </note>
<note>• οὗτος ὁ ἄνθρωπος WH NA28 ] ὁ ἄνθρωπος οὗτος Treg RP</note>

<verse>John 9:25</verse>
<note>25 ἐκεῖνος WH Treg NA28 ] + καὶ εἶπεν RP</note>

<verse>John 9:26</verse>
<note>26 οὖν αὐτῷ WH Treg NA28 ] δὲ αὐτῷ πάλιν RP</note>

<verse>John 9:28</verse>
<note>28 ἐλοιδόρησαν RP ] καὶ ἐλοιδόρησαν WH NA28; οἱ δὲ ἐλοιδόρησαν Treg </note>
<note>• μαθητὴς εἶ WH Treg NA28 ] εἶ μαθητὴς RP</note>

<verse>John 9:30</verse>
<note>30 τούτῳ γὰρ τὸ WH Treg NA28 ] γὰρ τούτῳ RP</note>

<verse>John 9:31</verse>
<note>31 οἴδαμεν WH Treg NA28 ] + δὲ RP </note>
<note>• ἁμαρτωλῶν ὁ θεὸς NA28 RP ] ὁ θεὸς ἁμαρτωλῶν WH Treg</note>

<verse>John 9:35</verse>
<note>35 Ἤκουσεν WH NA28 ] + ὁ Treg RP </note>
<note>• εἶπεν WH NA28 ] + αὐτῷ Treg RP </note>
<note>• ἀνθρώπου WH NA28 ] θεοῦ Treg RP</note>

<verse>John 9:37</verse>
<note>37 εἶπεν WH Treg NA28 ] + δὲ RP</note>

<verse>John 9:40</verse>
<note>40 ἤκουσαν WH Treg NA28 ] Καὶ ἤκουσαν RP </note>
<note>• μετʼ αὐτοῦ ὄντες WH Treg NA28 ] ὄντες μετʼ αὐτοῦ RP </note>

<verse>John 9:41</verse>
<note>41 ἡ WH Treg NA28 ] + οὖν RP</note>

<verse>John 10:3</verse>
<note>10:3 φωνεῖ WH Treg NA28 ] καλεῖ RP</note>

<verse>John 10:4</verse>
<note>4 ὅταν WH Treg NA28 ] Καὶ ὅταν RP </note>
<note>• πάντα WH Treg NA28 ] πρόβατα RP</note>

<verse>John 10:5</verse>
<note>5 ἀκολουθήσουσιν WH Treg NA28 ] ἀκολουθήσωσιν RP</note>

<verse>John 10:6</verse>
<note>6 ἦν WH NA28 RP ] ᾖ Treg</note>

<verse>John 10:7</verse>
<note>7 αὐτοῖς Treg RP ] – WH NA28 </note>
<note>• ὅτι NA28 RP ] – WH Treg</note>

<verse>John 10:8</verse>
<note>8 πρὸ ἐμοῦ WH Treg NA28 ] – RP</note>

<verse>John 10:12</verse>
<note>12 μισθωτὸς WH NA28 ] + δέ Treg RP </note>
<note>• ἔστιν WH Treg NA28 ] εἰσιν RP </note>
<note>• σκορπίζει WH Treg NA28 ] + τὰ πρόβατα RP</note>

<verse>John 10:13</verse>
<note>13 ὅτι WH Treg NA28 ] Ὁδὲ μισθωτὸς φεύγει ὅτι RP</note>

<verse>John 10:14</verse>
<note>14 γινώσκουσί με τὰ ἐμά WH Treg NA28 ] γινώσκομαι ὑπὸ τῶν ἐμῶν RP</note>

<verse>John 10:16</verse>
<note>16 δεῖ με WH Treg NA28 ] με δεῖ RP </note>
<note>• γενήσονται WH Treg NA28 ] γενήσεται RP </note>

<verse>John 10:17</verse>
<note>17 με ὁ πατὴρ WH Treg NA28 ] ὁ πατήρ με RP</note>

<verse>John 10:18</verse>
<note>18 αἴρει Treg NA28 RP ] ἦρεν WH</note>

<verse>John 10:19</verse>
<note>19 Σχίσμα WH Treg NA28 ] + οὖν RP</note>

<verse>John 10:21</verse>
<note>21 ἄλλοι WH Treg RP NA28 ] + δὲ NIV </note>
<note>• ἀνοῖξαι WH Treg NA28 ] ἀνοίγειν RP</note>

<verse>John 10:22</verse>
<note>22 τότε WH NA28 ] δὲ Treg RP </note>
<note>• τοῖς WH Treg NA28 ] – RP</note>
<note>• χειμὼν WH Treg NA28 ] καὶ χειμὼν RP</note>

<verse>John 10:23</verse>
<note>23 τοῦ WH Treg NA28 ] – RP</note>

<verse>John 10:26</verse>
<note>26 ὅτι οὐκ WH Treg NA28 ] οὐ γάρ RP </note>
<note>• ἐμῶν WH Treg NA28 ] + καθὼς εἶπον ὑμῖν RP</note>

<verse>John 10:27</verse>
<note>27 ἀκούουσιν WH Treg NA28 ] ἀκούει RP</note>

<verse>John 10:28</verse>
<note>28 δίδωμι αὐτοῖς ζωὴν αἰώνιον WH Treg NA28 ] ζωὴν αἰώνιον δίδωμι αὐτοῖς RP</note>

<verse>John 10:29</verse>
<note>29 ὃ WH Treg NA28 ] ὃς NIV RP </note>
<note>• μοι WH Treg RP NA28 ] + αὐτὰ NIV </note>
<note>• πάντων μεῖζων Holmes WHmarg ] πάντων μεῖζόν WH Treg NA28; μείζων πάντων NIV RP </note>
<note>• πατρός WH NA28 ] + μου Treg RP</note>

<verse>John 10:31</verse>
<note>31 οὖν Treg RP ] – WH NA28</note>

<verse>John 10:32</verse>
<note>32 ἔργα καλὰ ἔδειξα ὑμῖν NA28 ] καλὰ ἔργα ἔδειξα ὑμῖν Treg RP; ἔργα ἔδειξα ὑμῖν καλὰ WH </note>
<note>• πατρός WH NA28 ] + μου Treg RP </note>
<note>• ἐμὲ λιθάζετε WH Treg NA28 ] λιθάζετε ἐμὲ RP</note>

<verse>John 10:33</verse>
<note>33 Ἰουδαῖοι WH Treg NA28 ] + λέγοντες RP</note>

<verse>John 10:34</verse>
<note>34 ὅτι WH Treg NA28 ] – RP</note>

<verse>John 10:38</verse>
<note>38 πιστεύετε WH Treg NA28 ] πιστεύσατε RP </note>
<note>• γινώσκητε WH Treg NA28 ] πιστεύσητε RP </note>
<note>• τῷ πατρί WH Treg NA28 ] αὐτῷ RP</note>

<verse>John 10:39</verse>
<note>39 πάλιν αὐτὸν Treg RP ] αὐτὸν πάλιν WH NA28</note>

<verse>John 10:42</verse>
<note>42 πολλοὶ ἐπίστευσαν εἰς αὐτὸν ἐκεῖ WH Treg NA28 ] ἐπίστευσαν πολλοὶ ἐκεῖ εἰς αὐτόν RP</note>

<verse>John 11:2</verse>
<note>11:2 Μαριὰμ WH Treg NA28 ] Μαρία RP</note>

<verse>John 11:9</verse>
<note>9 ὧραί εἰσιν WH Treg NA28 ] εἰσιν ὧραί RP</note>

<verse>John 11:12</verse>
<note>12 αὐτῷ WH Treg NA28 ] αὐτοῦ RP</note>

<verse>John 11:17</verse>
<note>17 ἤδη ἡμέρας WH Treg NA28 ] ἡμέρας ἤδη RP</note>

<verse>John 11:18</verse>
<note>18 ἡ Treg NA28 RP ] – WH</note>

<verse>John 11:19</verse>
<note>19 πολλοὶ δὲ WH Treg NA28 ] καὶ πολλοὶ RP </note>
<note>• τὴν WH Treg NA28 ] τὰς περὶ RP </note>
<note>• Μαριὰμ WH Treg NA28 ] Μαρίαν RP </note>
<note>• ἀδελφοῦ WH Treg NA28 ] + αὐτῶν RP</note>

<verse>John 11:20</verse>
<note>20 Μαρία Treg RP ] Μαριὰμ WH NA28</note>

<verse>John 11:21</verse>
<note>21 ἡ WH Treg NA28 ] – RP </note>
<note>• τὸν Treg NA28 RP ] – WH </note>
<note>• οὐκ ἂν ἀπέθανεν ὁ ἀδελφός μου WH Treg NA28 ] ὁ ἀδελφός μου οὐκ ἂν ἐτεθνήκει RP</note>

<verse>John 11:22</verse>
<note>22 καὶ WH Treg ] ἀλλὰ καὶ NA28 RP</note>

<verse>John 11:24</verse>
<note>24 ἡ WH Treg NA28 ] – RP</note>

<verse>John 11:28</verse>
<note>28 τοῦτο WH Treg NA28 ] ταῦτα RP </note>
<note>• Μαριὰμ WH Treg NA28 ] Μαρίαν RP</note>

<verse>John 11:29</verse>
<note>29 δὲ WH Treg NA28 ] – RP </note>
<note>• ἠγέρθη WH Treg NA28 ] ἐγείρεται RP </note>
<note>• ἤρχετο WH Treg NA28 ] ἔρχεται RP</note>

<verse>John 11:30</verse>
<note>30 ἔτι WH Treg NA28 ] – RP</note>

<verse>John 11:31</verse>
<note>31 Μαριὰμ WH Treg NA28 ] Μαρίαν RP </note>
<note>• δόξαντες WH Treg NA28 ] λέγοντες RP</note>

<verse>John 11:32</verse>
<note>32 Μαριὰμ WH Treg NA28 ] Μαρία RP </note>
<note>• ἦν WH Treg NA28 ] + ὁ RP </note>
<note>• πρὸς WH Treg NA28 ] εἰς RP </note>
<note>• μου ἀπέθανεν WH Treg NA28 ] ἀπέθανεν μου RP</note>

<verse>John 11:39</verse>
<note>39 τετελευτηκότος WH NA28 ] τελευτηκότος Treg; τεθνηκότος RP</note>

<verse>John 11:40</verse>
<note>40 ὄψῃ WH Treg NA28 ] ὄψει RP</note>

<verse>John 11:41</verse>
<note>41 λίθον WH Treg NA28 ] + οὗ ἦν ὁ τεθνηκὼς κειμένος RP</note>

<verse>John 11:44</verse>
<note>44 ἐξῆλθεν WH Treg NA28 ] Καὶ ἐξῆλθεν RP </note>
<note>• αὐτοῖς ὁ Ἰησοῦς Treg NA28 RP ] ὁ Ἰησοῦς αὐτοῖς WH </note>
<note>• αὐτὸν WH Treg NA28 ] – RP</note>

<verse>John 11:45</verse>
<note>45 Μαριὰμ WH Treg NA28 ] Μαρίαν RP </note>
<note>• ἃ RP NA28 ] ὃ WH Treg </note>
<note>• ἐποίησεν WH Treg NA28 ] + ὁ Ἰησοῦς RP</note>

<verse>John 11:46</verse>
<note>46 ἐποίησεν WH Treg NA28 ] + ὁ RP</note>

<verse>John 11:47</verse>
<note>47 ποιεῖ σημεῖα WH Treg NA28 ] σημεῖα ποιεῖ RP</note>

<verse>John 11:50</verse>
<note>50 λογίζεσθε WH Treg NA28 ] διαλογίζεσθε RP </note>
<note>• ὑμῖν WH Treg NA28 ] ἡμῖν RP</note>

<verse>John 11:53</verse>
<note>53 ἐβουλεύσαντο WH Treg NA28 ] συνεβουλεύσαντο RP</note>

<verse>John 11:54</verse>
<note>54 Ὁ οὖν Ἰησοῦς WH Treg NA28 ] Ἰησοῦς οὖν RP </note>
<note>• ἔμεινεν WH Treg NA28 ] διέτριβεν RP </note>
<note>• μαθητῶν WH Treg NA28 ] + αὐτοῦ RP</note>

<verse>John 11:57</verse>
<note>57 δὲ WH Treg NA28 ] + καὶ RP </note>
<note>• ἐντολὰς WH Treg NA28 ] ἐντολήν RP</note>

<verse>John 12:1</verse>
<note>12:1 Λάζαρος WH NA28 ] + ὁ τεθνηκώς Treg RP </note>
<note>• Ἰησοῦς WH NA28 ] ὁ Ἰησοῦς Treg; – RP</note>

<verse>John 12:2</verse>
<note>2 ἐκ WH Treg NA28 ] – RP</note>

<verse>John 12:3</verse>
<note>3 Μαριὰμ WH Treg NA28 ] Μαρία RP</note>

<verse>John 12:4</verse>
<note>4 δὲ WH NA28 ] οὖν Treg RP </note>
<note>• Ἰούδας ὁ Ἰσκαριώτης εἷς τῶν μαθητῶν αὐτοῦ WH Treg ] Ἰούδας ὁ Ἰσκαριώτης εἷς ἐκ τῶν μαθητῶν αὐτοῦ NA28; εἷς ἐκ τῶν μαθητῶν αὐτοῦ Ἰούδας Σίμωνος Ἰσκαριώτης RP</note>

<verse>John 12:6</verse>
<note>6 ἔχων WH Treg NA28 ] εἶχεν καὶ RP</note>

<verse>John 12:7</verse>
<note>7 ἵνα WH Treg NA28 ] – RP </note>
<note>• τηρήσῃ WH Treg NA28 ] τετήρηκεν RP</note>

<verse>John 12:9</verse>
<note>9 οὖν Treg RP ] + ὁ WH NA28</note>

<verse>John 12:12</verse>
<note>12 ⸀ὁ WH NA28 ] – Treg RP </note>
<note>• ⸁ὁ NA28 ] – WH Treg RP</note>

<verse>John 12:13</verse>
<note>13 ἐκραύγαζον WH Treg NA28 ] ἔκραζον RP </note>
<note>• καὶ ὁ WH Treg NA28 ] – RP</note>

<verse>John 12:16</verse>
<note>16 ταῦτα WH Treg NA28 ] + δὲ RP </note>
<note>• αὐτοῦ οἱ μαθηταὶ WH NA28 ] οἱ μαθηταὶ αὐτοῦ Treg RP</note>

<verse>John 12:18</verse>
<note>18 καὶ WH RP NA28 ] – Treg NIV </note>
<note>• ἤκουσαν WH Treg NA28 ] ἤκουσεν RP</note>

<verse>John 12:19</verse>
<note>19 κόσμος WH Treg RP NA28 ] + ὅλος NIV</note>

<verse>John 12:20</verse>
<note>20 Ἕλληνές τινες WH Treg NA28 ] τινες Ἕλληνές RP</note>

<verse>John 12:22</verse>
<note>22 ὁ WH Treg NA28 ] – RP </note>
<note>• ἔρχεται WH Treg NA28 ] καὶ πάλιν RP </note>
<note>• καὶ WH Treg NA28 ] – RP</note>

<verse>John 12:23</verse>
<note>23 ἀποκρίνεται WH Treg NA28 ] ἀπεκρίνατο RP</note>

<verse>John 12:25</verse>
<note>25 ἀπολλύει WH Treg NA28 ] ἀπολέσει RP</note>

<verse>John 12:26</verse>
<note>26 τις διακονῇ WH Treg NA28 ] διακονῇ τις RP </note>
<note>• ἐάν WH Treg NA28 ] καὶ ἐάν RP</note>

<verse>John 12:30</verse>
<note>30 Ἰησοῦς καὶ εἶπεν Treg NA28 RP ] καὶ εἶπεν Ἰησοῦς WH </note>
<note>• ἡ φωνὴ αὕτη WH Treg NA28 ] αὕτη ἡ φωνὴ RP</note>

<verse>John 12:32</verse>
<note>32 ἐὰν Treg NA28 RP ] ἂν WH</note>

<verse>John 12:34</verse>
<note>34 οὖν WH NA28 ] – Treg RP </note>
<note>• λέγεις σὺ WH Treg NA28 ] σὺ λέγεις RP </note>
<note>• ὅτι WH Treg NA28 ] – RP</note>

<verse>John 12:35</verse>
<note>35 ἐν ὑμῖν WH Treg NA28 ] μεθʼ ὑμῶν RP </note>
<note>• ὡς WH Treg NA28 ] ἕως RP</note>

<verse>John 12:36</verse>
<note>36 ὡς WH Treg NA28 ] Ἕως RP </note>
<note>• ἐλάλησεν WH Treg NA28 ] + ὁ RP</note>

<verse>John 12:40</verse>
<note>40 ἐπώρωσεν WH Treg NA28 ] πεπώρωκεν RP </note>
<note>• στραφῶσιν WH Treg NA28 ] ἐπιστραφῶσιν RP </note>
<note>• ἰάσομαι WH Treg NA28 ] ἰάσωμαι RP</note>

<verse>John 12:41</verse>
<note>41 ὅτι WH Treg NA28 ] ὅτε RP</note>

<verse>John 12:47</verse>
<note>47 φυλάξῃ WH Treg NA28 ] πιστεύσῃ RP</note>

<verse>John 12:49</verse>
<note>49 δέδωκεν WH Treg NA28 ] ἔδωκεν RP</note>

<verse>John 12:50</verse>
<note>50 ἐγὼ λαλῶ WH Treg NA28 ] λαλῶ ἐγὼ RP</note>

<verse>John 13:1</verse>
<note>13:1 ἦλθεν WH Treg NA28 ] ἐλήλυθεν RP</note>

<verse>John 13:2</verse>
<note>2 γινομένου WH Treg NA28 ] γενομένου RP </note>
<note>• ἵνα παραδοῖ αὐτὸν Ἰούδας Σίμωνος Ἰσκ. WH Treg NA28 ] Ἰούδα Σίμωνος Ἰσκ. ἵνα αὐτὸν παραδῷ RP </note>
<note>• Ἰσκαριώτου NA28 RP ] Ἰσκαριώτης WH Treg</note>

<verse>John 13:3</verse>
<note>3 εἰδὼς WH Treg NA28 ] + ὁ Ἰησοῦς RP </note>
<note>• ἔδωκεν WH Treg NA28 ] δέδωκεν RP</note>

<verse>John 13:6</verse>
<note>6 λέγει WH Treg NA28 ] καὶ λέγει RP </note>
<note>• αὐτῷ WH NA28 ] + ἐκεῖνος Treg RP</note>

<verse>John 13:8</verse>
<note>8 μου τοὺς πόδας WH Treg NA28 ] τοὺς πόδας μου RP </note>
<note>• Ἰησοῦς αὐτῷ WH Treg NA28 ] αὐτῷ ὁ Ἰησοῦς RP</note>

<verse>John 13:10</verse>
<note>10 ὁ Treg NA28 RP ] – WH </note>
<note>• οὐκ ἔχει χρείαν WH Treg NA28 ] οὐ χρείαν ἔχει RP </note>
<note>• εἰ μὴ WH Treg NA28 ] ἢ RP</note>

<verse>John 13:11</verse>
<note>11 ὅτι WH Treg NA28 ] – RP</note>

<verse>John 13:12</verse>
<note>12 καὶ WH Treg RP NA28 ] – NIV </note>
<note>• καὶ ἀνέπεσεν WH Treg NA28 ] ἀναπεσὼν RP</note>

<verse>John 13:18</verse>
<note>18 τίνας WH Treg NA28 ] οὓς RP </note>
<note>• μου WH Treg NA28 ] μετʼ ἐμοῦ RP</note>

<verse>John 13:19</verse>
<note>19 πιστεύσητε ὅταν γένηται NA28 ] πιστεύητε ὅταν γένηται WH Treg; ὅταν γένηται πιστεύσητε RP </note>

<verse>John 13:20</verse>
<note>20 ἄν WH Treg NA28 ] ἐάν RP</note>

<verse>John 13:21</verse>
<note>21 ὁ NA28 RP ] – WH Treg</note>

<verse>John 13:22</verse>
<note>22 ἔβλεπον WH NA28 ] + οὖν RP Treg</note>

<verse>John 13:23</verse>
<note>23 ἦν WH Treg NA28 ] + δὲ RP </note>
<note>• ἐκ WH Treg NA28 ] – RP</note>

<verse>John 13:24</verse>
<note>24 πυθέσθαι τίς ἂν εἴη NA28 RP ] καὶ λέγει αὐτῷ Εἰπὲ τίς ἐστιν WH Treg</note>

<verse>John 13:25</verse>
<note>25 ἀναπεσὼν WH Treg ] ἀναπεσὼν οὖν NA28; ἐπιπεσὼν δὲ RP</note>

<verse>John 13:26</verse>
<note>26 ἀποκρίνεται Treg NA28 RP ] + οὖν WH </note>
<note>• βάψω WH Treg NA28 ] βάψας RP </note>
<note>• καὶ δώσω αὐτῷ WH Treg NA28 ] ἐπιδώσω RP </note>
<note>• βάψας οὖν WH Treg NA28 ] καὶ ἐμβάψας RP </note>
<note>• ψωμίον NIV RP ] + λαμβάνει καὶ WH Treg NA28 </note>
<note>• Ἰσκαριώτου WH Treg NA28 ] Ἰσκαριώτῃ RP</note>

<verse>John 13:27</verse>
<note>27 ὁ NA28 RP ] – WH Treg</note>

<verse>John 13:29</verse>
<note>29 εἶχεν WH Treg NA28 ] + ὁ RP </note>
<note>• ὁ Treg NA28 RP ] – WH</note>

<verse>John 13:30</verse>
<note>30 ἐξῆλθεν εὐθύς WH Treg NA28 ] εὐθέως ἐξῆλθεν RP</note>

<verse>John 13:31</verse>
<note>31 οὖν WH Treg NA28 ] – RP </note>
<note>• λέγει WH Treg NA28 ] + ὁ RP</note>

<verse>John 13:32</verse>
<note>32 εἰ ὁ θεὸς ἐδοξάσθη ἐν αὐτῷ Treg NA28 RP ] – WH </note>
<note>• αὑτῷ WH ] αὐτῷ Treg NA28; ἑαυτῷ RP</note>

<verse>John 13:33</verse>
<note>33 ἐγὼ ὑπάγω WH Treg NA28 ] ὑπάγω ἐγὼ RP</note>

<verse>John 13:36</verse>
<note>36 ἀπεκρίθη WH Treg NIV ] + αὐτῷ ὁ RP; + αὐτῷ NA28 </note>
<note>• ἀκολουθήσεις δὲ ὕστερον WH Treg NA28 ] ὕστερον δὲ ἀκολουθήσεις μοι RP</note>

<verse>John 13:37</verse>
<note>37 ὁ WH Treg NA28 ] – RP </note>
<note>• ἀκολουθῆσαι NA28 RP ] ἀκολουθεῖν WH Treg</note>

<verse>John 13:38</verse>
<note>38 ἀποκρίνεται WH Treg NA28 ] Ἀπεκρίθη αὐτῷ ὁ RP </note>
<note>• ἀρνήσῃ WH Treg NA28 ] ἀπαρνήσῃ RP</note>

<verse>John 14:2</verse>
<note>14:2 ὅτι WH Treg NA28 ] – RP</note>

<verse>John 14:3</verse>
<note>3 καὶ WH Treg NA28 ] – RP </note>
<note>• τόπον ὑμῖν WH Treg NA28 ] ὑμῖν τόπον RP</note>

<verse>John 14:4</verse>
<note>4 τὴν ὁδόν WH Treg NA28 ] καὶ τὴν ὁδὸν οἴδατε RP</note>

<verse>John 14:5</verse>
<note>5 πῶς WH Treg NA28 ] καὶ πῶς RP </note>
<note>• δυνάμεθα τὴν ὁδὸν εἰδέναι NA28 RP ] οἴδαμεν τὴν ὁδὸν WH Treg</note>

<verse>John 14:6</verse>
<note>6 ὁ Treg NA28 RP ] – WH</note>

<verse>John 14:7</verse>
<note>7 ἐγνώκειτέ WH Treg NIV RP ] ἐγνώκατέ NA28 </note>
<note>• ἂν ᾔδειτε WH Treg NIV ] ἐγνώκειτε ἄν RP; γνώσεσθε NA28 </note>
<note>• ἀπʼ WH Treg ] καὶ ἀπʼ NA28 RP </note>
<note>• αὐτόν Treg NA28 RP ] – WH</note>

<verse>John 14:9</verse>
<note>9 Τοσούτῳ χρόνῳ NA28 ] Τοσοῦτον χρόνον WH Treg RP </note>
<note>• πῶς WH NA28 ] καὶ πῶς Treg RP</note>

<verse>John 14:10</verse>
<note>10 λέγω WH Treg NA28 ] λαλῶ RP </note>
<note>• πατὴρ WH NA28 ] + ὁ Treg RP </note>
<note>• μένων WH Treg NA28 ] + αὐτὸς RP </note>
<note>• αὐτοῦ WH Treg NA28 ] – RP</note>

<verse>John 14:11</verse>
<note>11 πιστεύετε WH NA28 ] + μοι Treg RP</note>

<verse>John 14:12</verse>
<note>12 πατέρα WH Treg NA28 ] + μου RP</note>

<verse>John 14:14</verse>
<note>14 με WH NA28 RP ] – Treg </note>
<note>• ἐγὼ Treg NA28 RP ] τοῦτο WH </note>

<verse>John 14:15</verse>
<note>15 τηρήσετε WH Treg NA28 ] τηρήσατε RP</note>

<verse>John 14:16</verse>
<note>16 ᾖ WH Treg ] – NA28; + μένῃ RP </note>
<note>• αἰῶνα WH Treg RP ] + ᾖ NA28</note>

<verse>John 14:17</verse>
<note>17 γινώσκει WH NA28 ] + αὐτό Treg RP </note>
<note>• ὑμεῖς WH NA28 ] + δὲ Treg RP </note>
<note>• ἔσται NA28 RP ] ἐστίν WH Treg</note>

<verse>John 14:19</verse>
<note>19 ζήσετε WH Treg NA28 ] ζήσεσθε RP</note>

<verse>John 14:20</verse>
<note>20 γνώσεσθε ὑμεῖς NA28 RP ] ὑμεῖς γνώσεσθε WH Treg</note>

<verse>John 14:22</verse>
<note>22 τί WH Treg ] καὶ τί NA28 RP</note>

<verse>John 14:23</verse>
<note>23 ποιησόμεθα WH Treg NA28 ] ποιήσομεν RP</note>

<verse>John 14:26</verse>
<note>26 ὑμῖν Treg RP ] + ἐγώ WH NA28</note>

<verse>John 14:28</verse>
<note>28 ὅτι WH Treg NA28 ] + εἶπον RP </note>
<note>• πατὴρ WH Treg NA28 ] + μου RP</note>

<verse>John 14:31</verse>
<note>31 ἐνετείλατο NA28 RP ] ἐντολὴν ἔδωκέν WH Treg</note>

<verse>John 15:2</verse>
<note>15:2 καρπὸν πλείονα WH Treg NA28 ] πλείονα καρπὸν RP</note>

<verse>John 15:4</verse>
<note>4 μένῃ WH NA28 ] μείνῃ Treg RP </note>
<note>• μένητε WH Treg NA28 ] μείνητε RP</note>

<verse>John 15:6</verse>
<note>6 μένῃ WH Treg NA28 ] μείνῃ RP</note>

<verse>John 15:7</verse>
<note>7 αἰτήσασθε WH Treg NA28 ] αἰτήσεσθε RP</note>

<verse>John 15:8</verse>
<note>8 γένησθε WH Treg NA28 ] γενήσεσθε RP</note>

<verse>John 15:9</verse>
<note>9 ὑμᾶς ἠγάπησα WH Treg NA28 ] ἠγάπησα ὑμᾶς RP</note>

<verse>John 15:10</verse>
<note>10 τὰς ἐντολὰς τοῦ πατρός μου Treg NA28 RP ] τοῦ πατρὸς τὰς ἐντολὰς WH</note>

<verse>John 15:11</verse>
<note>11 ᾖ WH Treg NA28 ] μείνῃ RP</note>

<verse>John 15:14</verse>
<note>14 ἃ Treg NA28 ] ὃ WH; ὅσα RP </note>

<verse>John 15:15</verse>
<note>15 λέγω ὑμᾶς WH Treg NA28 ] ὑμᾶς λέγω RP</note>

<verse>John 15:18</verse>
<note>18 ὑμῶν WH Treg RP NA28 ] – NIV</note>

<verse>John 15:21</verse>
<note>21 εἰς ὑμᾶς WH Treg NA28 ] ὑμῖν RP</note>

<verse>John 15:22</verse>
<note>22 εἴχοσαν WH Treg NA28 ] εἶχον RP</note>

<verse>John 15:24</verse>
<note>24 ἐποίησεν WH Treg NA28 ] πεποίηκεν RP </note>
<note>• εἴχοσαν WH Treg NA28 ] εἴχον RP</note>

<verse>John 15:25</verse>
<note>25 ἐν τῷ νόμῳ αὐτῶν γεγραμμένος WH Treg NA28 ] γεγραμμένος ἐν τῷ νόμῳ αὐτῶν RP</note>

<verse>John 15:26</verse>
<note>26 Ὅταν WH NA28 ] + δὲ Treg RP</note>

<verse>John 16:4</verse>
<note>16:4 ⸀αὐτῶν WH Treg NA28 ] – NIV RP </note>
<note>• ⸁αὐτῶν WH Treg RP NA28 ] – NIV</note>

<verse>John 16:7</verse>
<note>7 γὰρ WH Treg NA28 ] + ἐγὼ RP </note>
<note>• οὐ μὴ ἔλθῃ WH Treg ] οὐκ ἐλεύσεται NA28 RP</note>

<verse>John 16:10</verse>
<note>10 πατέρα WH Treg NA28 ] + μου RP</note>

<verse>John 16:12</verse>
<note>12 ὑμῖν λέγειν WH Treg NA28 ] λέγειν ὑμῖν RP</note>

<verse>John 16:13</verse>
<note>13 ἐν τῇ ἀληθείᾳ πάσῃ NA28 ] εἰς τὴν ἀλήθειαν πᾶσαν WH Treg; εἰς πᾶσαν τὴν ἀλήθειαν RP </note>
<note>• ἀκούσει Treg NA28 ] ἀκούει WH; ἂν ἀκούσῃ RP</note>

<verse>John 16:16</verse>
<note>16 οὐκέτι WH Treg NA28 ] οὐ RP </note>
<note>• με WH Treg NA28 ] + ὅτι ὑπάγω πρὸς τὸν πατέρα RP</note>

<verse>John 16:17</verse>
<note>17 Ὅτι WH Treg NA28 ] + Ἐγὼ RP</note>

<verse>John 16:18</verse>
<note>18 Τί ἐστιν τοῦτο WH Treg NA28 ] Τοῦτο τί ἐστιν RP </note>
<note>• λέγει WH Treg ] + τὸ NA28 RP</note>

<verse>John 16:19</verse>
<note>19 ἔγνω WH Treg ] + ὁ NA28; + οὖν ὁ RP</note>

<verse>John 16:20</verse>
<note>20 ὑμεῖς WH Treg NA28 ] + δὲ RP</note>

<verse>John 16:22</verse>
<note>22 νῦν μὲν λύπην WH Treg NA28 ] λύπην μὲν νῦν RP </note>
<note>• αἴρει NA28 RP ] ἀρεῖ WH Treg</note>

<verse>John 16:23</verse>
<note>23 ἄν τι WH Treg NA28 ] ὅτι ὅσα ἄν RP </note>
<note>• δώσει ὑμῖν ἐν τῷ ὀνόματί μου WH Treg ] ἐν τῷ ὀνόματί μου δώσει ὑμῖν NA28 RP</note>

<verse>John 16:25</verse>
<note>25 ἔρχεται WH Treg NA28 ] ἀλλʼ ἔρχεται RP </note>
<note>• ἀπαγγελῶ WH Treg NA28 ] ἀναγγελῶ RP</note>

<verse>John 16:27</verse>
<note>27 θεοῦ NA28 RP ] πατρὸς WH Treg</note>

<verse>John 16:28</verse>
<note>28 ἐκ WH Treg ] παρὰ NA28 RP</note>

<verse>John 16:29</verse>
<note>29 Λέγουσιν WH Treg NA28 ] + αὐτῷ RP </note>
<note>• ἐν WH Treg NA28 ] – RP</note>

<verse>John 16:31</verse>
<note>31 αὐτοῖς WH Treg NA28 ] + ὁ RP</note>

<verse>John 16:32</verse>
<note>32 καὶ WH Treg NA28 ] νῦν RP</note>

<verse>John 17:1</verse>
<note>17:1 ἐλάλησεν WH Treg NA28 ] + ὁ RP </note>
<note>• ἐπάρας τοὺς … οὐρανὸν εἶπεν WH Treg NA28 ] ἐπῆρεν τοὺς … οὐρανὸν καὶ εἶπεν RP </note>
<note>• ἵνα WH Treg NA28 ] + καὶ RP </note>
<note>• υἱὸς WH Treg NA28 ] + σου RP</note>

<verse>John 17:2</verse>
<note>2 δώσῃ Treg NA28 ] δώσει WH RP</note>

<verse>John 17:4</verse>
<note>4 τελειώσας WH Treg NA28 ] ἐτελείωσα RP</note>

<verse>John 17:6</verse>
<note>6 ⸀ἔδωκάς WH Treg NA28 ] δέδωκάς RP </note>
<note>• ⸁ἔδωκας WH Treg NA28 ] δέδωκας RP</note>

<verse>John 17:7</verse>
<note>7 δέδωκάς Treg NA28 RP ] ἔδωκάς WH </note>
<note>• εἰσιν WH Treg NA28 ] ἐστιν RP</note>

<verse>John 17:8</verse>
<note>8 ἔδωκάς WH Treg NA28 ] δέδωκάς RP</note>

<verse>John 17:11</verse>
<note>11 αὐτοὶ WH NA28 ] οὗτοι Treg RP </note>
<note>• καθὼς WH NA28 RP ] + καὶ Treg</note>

<verse>John 17:12</verse>
<note>12 αὐτῶν WH Treg NA28 ] + ἐν τῷ κόσμῳ RP </note>
<note>• ᾧ WH Treg NA28 ] οὓς RP </note>
<note>• καὶ WH Treg NA28 ] – RP</note>

<verse>John 17:13</verse>
<note>13 ἑαυτοῖς WH Treg NA28 ] αὐτοῖς RP</note>

<verse>John 17:16</verse>
<note>16 οὐκ εἰμὶ ἐκ τοῦ κόσμου WH Treg NA28 ] ἐκ τοῦ κόσμου οὐκ εἰμὶ RP</note>

<verse>John 17:17</verse>
<note>17 ἀληθείᾳ WH Treg NA28 ] + σου RP</note>

<verse>John 17:19</verse>
<note>19 ὦσιν καὶ αὐτοὶ WH Treg NA28 ] καὶ αὐτοὶ ὦσιν RP</note>

<verse>John 17:21</verse>
<note>21 πάτερ WH NA28 RP ] πατὴρ Treg </note>
<note>• ἡμῖν WH Treg NA28 ] + ἓν RP </note>
<note>• πιστεύῃ WH Treg NA28 ] πιστεύσῃ RP</note>

<verse>John 17:22</verse>
<note>22 ἕν WH Treg NA28 ] + ἐσμεν RP</note>

<verse>John 17:23</verse>
<note>23 ἵνα WH Treg NA28 ] καὶ ἵνα RP</note>

<verse>John 17:24</verse>
<note>24 πάτερ WH NA28 RP ] Πατήρ Treg </note>
<note>• ὃ WH Treg NA28 ] οὕς RP </note>
<note>• δέδωκάς WH Treg NA28 ] ἔδωκάς RP</note>

<verse>John 17:25</verse>
<note>25 Πάτερ WH NA28 RP ] Πατὴρ Treg</note>

<verse>John 18:1</verse>
<note>18:1 εἰπὼν WH Treg NA28 ] + ὁ RP </note>
<note>• τοῦ Treg NA28 ] τῶν WH RP</note>

<verse>John 18:2</verse>
<note>2 συνήχθη WH Treg NA28 ] + ὁ RP</note>

<verse>John 18:3</verse>
<note>3 ἐκ τῶν WH Treg NA28 ] – RP</note>

<verse>John 18:4</verse>
<note>4 οὖν WH NA28 RP ] δὲ Treg </note>
<note>• ἐξῆλθεν καὶ λέγει WH Treg NA28 ] ἐξελθὼν εἶπεν RP</note>

<verse>John 18:5</verse>
<note>5 αὐτοῖς WH Treg NA28 ] + ὁ Ἰησοῦς RP</note>

<verse>John 18:6</verse>
<note>6 αὐτοῖς WH Treg NA28 ] + ὅτι RP</note>

<verse>John 18:7</verse>
<note>7 ἐπηρώτησεν αὐτούς WH Treg NA28 ] αὐτούς ἐπηρώτησεν RP</note>

<verse>John 18:10</verse>
<note>10 ὠτάριον WH Treg NA28 ] ὠτίον RP</note>

<verse>John 18:11</verse>
<note>11 μάχαιραν WH Treg NA28 ] + σου RP</note>

<verse>John 18:13</verse>
<note>13 ἤγαγον WH Treg NA28 ] ἀπήγαγον αὐτὸν RP</note>

<verse>John 18:14</verse>
<note>14 ἀποθανεῖν WH Treg NA28 ] ἀπολέσθαι RP</note>

<verse>John 18:15</verse>
<note>15 καὶ WH NA28 ] + ὁ Treg RP</note>

<verse>John 18:16</verse>
<note>16 ὁ WH Treg NA28 ] ὅς ἦν RP </note>
<note>• τοῦ ἀρχιερέως WH Treg NA28 ] τῷ ἀρχιερεῖ RP</note>

<verse>John 18:17</verse>
<note>17 τῷ Πέτρῳ ἡ παιδίσκη ἡ θυρωρός WH Treg NA28 ] ἡ παιδίσκη ἡ θυρωρός τῷ Πέτρῳ RP</note>

<verse>John 18:18</verse>
<note>18 καὶ ὁ Πέτρος μετʼ αὐτῶν WH Treg NA28 ] μετʼ αὐτῶν ὁ Πέτρος RP</note>

<verse>John 18:20</verse>
<note>20 αὐτῷ WH Treg NA28 ] + ὁ RP </note>
<note>• λελάληκα WH Treg NA28 ] ἐλάλησα RP </note>
<note>• πάντες WH Treg NA28 ] πάντοτε RP</note>

<verse>John 18:21</verse>
<note>21 ἐρωτᾷς; ἐρώτησον WH Treg NA28 ] ἐπερωτᾷς; Ἐπερώτησον RP</note>

<verse>John 18:22</verse>
<note>22 παρεστηκὼς τῶν ὑπηρετῶν WH Treg NA28 ] τῶν ὑπηρετῶν παρεστηκὼς RP</note>

<verse>John 18:23</verse>
<note>23 αὐτῷ WH Treg NA28 ] + ὁ RP</note>

<verse>John 18:24</verse>
<note>24 οὖν WH Treg NA28 ] – RP</note>

<verse>John 18:25</verse>
<note>25 ἠρνήσατο WH Treg NA28 ] + οὖν RP</note>

<verse>John 18:27</verse>
<note>27 ἠρνήσατο WH Treg NA28 ] + ὁ RP</note>

<verse>John 18:28</verse>
<note>28 ἀλλὰ WH Treg NA28 ] ἀλλʼ ἵνα RP</note>

<verse>John 18:29</verse>
<note>29 ἔξω WH Treg NA28 ] – RP </note>
<note>• φησίν WH Treg NA28 ] εἶπεν RP </note>
<note>• κατὰ Treg NA28 RP ] – WH</note>

<verse>John 18:30</verse>
<note>30 κακὸν ποιῶν WH Treg NA28 ] κακοποιός RP</note>

<verse>John 18:31</verse>
<note>31 ὁ Treg NA28 RP ] – WH </note>
<note>• εἶπον WH Treg NA28 ] + οὖν RP</note>

<verse>John 18:33</verse>
<note>33 πάλιν εἰς τὸ πραιτώριον WH Treg NA28 ] εἰς τὸ πραιτώριον πάλιν RP</note>

<verse>John 18:34</verse>
<note>34 ἀπεκρίθη WH Treg NA28 ] + αὐτῷ ὁ RP </note>
<note>• Ἀπὸ σεαυτοῦ WH Treg NA28 ] Ἀφʼ ἑαυτοῦ RP </note>
<note>• εἶπόν σοι WH Treg NA28 ] σοι εἶπόν RP</note>

<verse>John 18:36</verse>
<note>36 οἱ ἐμοὶ ἠγωνίζοντο ἄν WH Treg NA28 ] ἄν οἱ ἐμοὶ ἠγωνίζοντο RP</note>

<verse>John 18:37</verse>
<note>37 ὁ WH Treg NA28 ] – RP </note>
<note>• εἰμι WH Treg NA28 ] + ἐγώ RP</note>

<verse>John 18:38</verse>
<note>38 εὑρίσκω ἐν αὐτῷ αἰτίαν WH Treg NA28 ] αἰτίαν εὑρίσκω ἐν αὐτῷ RP</note>

<verse>John 18:39</verse>
<note>39 ⸂ἀπολύσω ὑμῖν⸃ WH Treg NA28 ] ὑμῖν ἀπολύσω RP </note>
<note>• ⸄ἀπολύσω ὑμῖν⸅ WH Treg NA28 ] ὑμῖν ἀπολύσω RP</note>

<verse>John 18:40</verse>
<note>40 πάλιν WH NA28 ] + πάντες Treg RP</note>

<verse>John 19:3</verse>
<note>19:3 ἤρχοντο πρὸς αὐτὸν καὶ WH Treg NA28 ] – RP</note>

<verse>John 19:4</verse>
<note>4 καὶ ἐξῆλθεν WH Treg NA28 ] Ἐξῆλθεν οὖν RP </note>
<note>• οὐδεμίαν αἰτίαν εὑρίσκω ἐν αὐτῷ WH Treg NA28 ] ἐν αὐτῷ οὐδεμίαν αἰτίαν εὑρίσκω RP</note>

<verse>John 19:5</verse>
<note>5 Ἰδοὺ WH Treg NA28 ] Ἴδε RP</note>

<verse>John 19:6</verse>
<note>6 σταύρωσον WH Treg NA28 ] + αὐτὸν RP</note>

<verse>John 19:7</verse>
<note>7 νόμον WH Treg NA28 ] + ἡμῶν RP </note>
<note>• υἱὸν θεοῦ ἑαυτὸν WH Treg NA28 ] ἑαυτὸν υἱὸν θεοῦ RP</note>

<verse>John 19:10</verse>
<note>10 ἀπολῦσαί σε … ἔχω σταυρῶσαί WH Treg NA28 ] σταυρῶσαί σε … ἔχω ἀπολῦσαί RP</note>

<verse>John 19:11</verse>
<note>11 αὐτῷ WH Treg NA28 ] – RP </note>
<note>• κατʼ ἐμοῦ οὐδεμίαν WH Treg NA28 ] οὐδεμίαν κατʼ ἐμοῦ RP </note>
<note>• δεδομένον σοι WH Treg NA28 ] σοι δεδομένον RP </note>
<note>• παραδούς WH NA28 ] παραδιδούς Treg RP</note>

<verse>John 19:12</verse>
<note>12 ὁ Πιλᾶτος ἐζήτει WH Treg NA28 ] ἐζήτει ὁ Πιλᾶτος RP </note>
<note>• ἐκραύγασαν WH Treg NA28 ] ἔκραζον RP</note>

<verse>John 19:13</verse>
<note>13 τῶν λόγων τούτων WH Treg NA28 ] τοῦτον τὸν λόγον RP </note>
<note>• ἐπὶ WH Treg NA28 ] + τοῦ RP</note>

<verse>John 19:14</verse>
<note>14 ἦν ὡς WH Treg NA28 ] δὲ ὡσεὶ RP</note>

<verse>John 19:15</verse>
<note>15 ἐκραύγασαν οὖν ἐκεῖνοι WH Treg NA28 ] Οἱ δὲ ἐκραύγασαν RP</note>

<verse>John 19:16</verse>
<note>16 οὖν WH Treg NA28 ] δὲ RP </note>
<note>• Ἰησοῦν WH Treg NA28 ] + καὶ ἤγαγον RP</note>

<verse>John 19:17</verse>
<note>17 αὑτῷ τὸν σταυρὸν WH Treg ] ἑαυτῷ τὸν σταυρὸν NA28; τὸν σταυρὸν αὐτοῦ RP </note>
<note>• τὸν WH Treg NA28 ] τόπον RP </note>
<note>• ὃ WH Treg NA28 ] ὅς RP</note>

<verse>John 19:20</verse>
<note>20 Ῥωμαϊστί Ἑλληνιστί WH Treg NA28 ] Ἑλληνιστί Ῥωμαϊστί RP</note>

<verse>John 19:21</verse>
<note>21 τῶν Ἰουδαίων εἰμί WH Treg ] εἰμι τῶν Ἰουδαίων NA28 RP</note>

<verse>John 19:24</verse>
<note>24 ἡ λέγουσα Treg NA28 RP ] – WH</note>

<verse>John 19:26</verse>
<note>26 μητρί WH Treg NA28 ] + αὐτοῦ RP </note>
<note>• ἴδε WH Treg NA28 ] ἰδοὺ RP</note>

<verse>John 19:27</verse>
<note>27 Ἴδε WH Treg NA28 ] Ἰδοὺ RP</note>

<verse>John 19:28</verse>
<note>28 εἰδὼς WH Treg NA28 ] ἰδὼν RP </note>
<note>• ἤδη πάντα WH Treg NA28 ] πάντα ἤδη RP</note>

<verse>John 19:29</verse>
<note>29 σκεῦος WH Treg NA28 ] + οὖν RP </note>
<note>• σπόγγον οὖν μεστὸν τοῦ WH Treg NA28 ] οἱ δέ πλήσαντες σπόγγον RP </note>
<note>• ὑσσώπῳ WH Treg NA28 ] καὶ ὑσσώπῳ RP</note>

<verse>John 19:31</verse>
<note>31 ἐπεὶ παρασκευὴ ἦν ἵνα … σαββάτῳ WH Treg NA28 ] ἵνα … σαββάτῳ ἐπεὶ παρασκευὴ ἦν RP</note>

<verse>John 19:33</verse>
<note>33 ἤδη αὐτὸν WH Treg NA28 ] αὐτὸν ἤδη RP</note>

<verse>John 19:34</verse>
<note>34 ἐξῆλθεν εὐθὺς WH Treg NA28 ] εὐθέως ἐξῆλθεν RP</note>

<verse>John 19:35</verse>
<note>35 αὐτοῦ ἐστιν WH Treg NA28 ] ἐστιν αὐτοῦ RP </note>
<note>• καὶ WH Treg NA28 ] – RP </note>
<note>• πιστεύητε WH Treg ] πιστεύσητε NA28 RP</note>

<verse>John 19:36</verse>
<note>36 αὐτοῦ WH Treg NA28 ] ἀπʼ αὐτοῦ RP</note>

<verse>John 19:38</verse>
<note>38 δὲ WH Treg NA28 ] – RP </note>
<note>• ἀπὸ WH Treg ] ὁ ἀπὸ NA28 RP </note>
<note>• αὐτοῦ WH Treg NA28 ] τοῦ Ἰησοῦ RP</note>

<verse>John 19:39</verse>
<note>39 αὐτὸν WH Treg NA28 ] τὸν Ἰησοῦν RP </note>
<note>• μίγμα Treg NA28 RP ] ἕλιγμα WH</note>

<verse>John 19:40</verse>
<note>40 αὐτὸ WH Treg NA28 ] + ἐν RP</note>

<verse>John 19:41</verse>
<note>41 ἦν τεθειμένος WH NA28 ] ἐτέθη Treg RP</note>

<verse>John 20:6</verse>
<note>20:6 καὶ WH Treg NA28 ] – RP</note>

<verse>John 20:10</verse>
<note>10 αὑτοὺς WH ] αὐτοὺς Treg NA28; ἑαυτοὺς RP</note>

<verse>John 20:11</verse>
<note>11 τῷ μνημείῳ ἔξω κλαίουσα WH Treg NA28 ] τὸ μνημεῖον κλαίουσα ἔξω RP</note>

<verse>John 20:14</verse>
<note>14 ταῦτα WH Treg NA28 ] Καὶ ταῦτα RP</note>

<verse>John 20:15</verse>
<note>15 αὐτῇ WH Treg NA28 ] + ὁ RP</note>

<verse>John 20:16</verse>
<note>16 αὐτῇ WH Treg NA28 ] + ὁ RP </note>
<note>• Μαριάμ WH Treg NA28 ] Μαρία RP </note>
<note>• Ἑβραϊστί WH Treg NA28 ] – RP</note>

<verse>John 20:17</verse>
<note>17 αὐτῇ WH Treg NA28 ] + ὁ RP </note>
<note>• πατέρα WH Treg NA28 ] + μου RP</note>

<verse>John 20:18</verse>
<note>18 Μαριὰμ WH Treg NA28 ] Μαρία RP </note>
<note>• ἀγγέλλουσα WH Treg NA28 ] ἀπαγγέλλουσα RP </note>
<note>• Ἑώρακα WH Treg NA28 ] ἑώρακεν RP</note>

<verse>John 20:19</verse>
<note>19 μιᾷ WH Treg NA28 ] + τῶν RP </note>
<note>• μαθηταὶ WH Treg NA28 ] + συνηγμένοι RP</note>

<verse>John 20:20</verse>
<note>20 ἔδειξεν NA28 ] + καὶ WH Treg; + αὐτοῖς RP </note>
<note>• αὐτοῖς WH Treg NA28 ] αὐτοῦ RP</note>

<verse>John 20:21</verse>
<note>21 ὁ Ἰησοῦς WH NA28 RP ] – Treg</note>

<verse>John 20:23</verse>
<note>23 ἀφέωνται WH Treg NA28 ] ἀφιένται RP</note>

<verse>John 20:24</verse>
<note>24 ἦλθεν WH Treg NA28 ] + ὁ RP</note>

<verse>John 20:25</verse>
<note>25 μου τὴν χεῖρα WH Treg NA28 ] τὴν χεῖρά μου RP</note>

<verse>John 20:28</verse>
<note>28 ἀπεκρίθη WH Treg NA28 ] Καὶ ἀπεκρίθη RP</note>

<verse>John 20:30</verse>
<note>30 μαθητῶν WH Treg ] + αὐτοῦ NA28 RP</note>

<verse>John 20:31</verse>
<note>31 πιστεύητε WH ] πιστεύσητε Treg NA28 RP</note>

<verse>John 21:1</verse>
<note>21:1 ὁ NA28 RP ] – WH Treg</note>

<verse>John 21:3</verse>
<note>3 πλοῖον WH Treg NA28 ] + εὐθύς RP</note>

<verse>John 21:4</verse>
<note>4 γενομένης NA28 RP ] γινομένης WH Treg </note>
<note>• ἔστη WH Treg NA28 ] + ὁ RP</note>

<verse>John 21:5</verse>
<note>5 ὁ Treg NA28 RP ] – WH</note>

<verse>John 21:6</verse>
<note>6 ἴσχυον WH Treg NA28 ] ἴσχυσαν RP</note>

<verse>John 21:11</verse>
<note>11 οὖν WH Treg NA28 ] – RP </note>
<note>• εἰς τὴν γῆν WH Treg NA28 ] ἐπὶ τῆς γῆς RP</note>

<verse>John 21:12</verse>
<note>12 δὲ Treg NA28 RP ] – WH</note>

<verse>John 21:13</verse>
<note>13 ἔρχεται WH Treg NA28 ] + οὖν RP </note>
<note>• ὁ RP ] – WH Treg NA28</note>

<verse>John 21:14</verse>
<note>14 ὁ RP ] – WH Treg NA28 </note>
<note>• μαθηταῖς WH Treg NA28 ] + αὐτοῦ RP</note>

<verse>John 21:15</verse>
<note>15 Ἰωάννου WH Treg NA28 ] Ἰωνᾶ RP</note>

<verse>John 21:16</verse>
<note>16 Ἰωάννου WH Treg NA28 ] Ἰωνᾶ RP</note>

<verse>John 21:17</verse>
<note>17 Ἰωάννου WH Treg NA28 ] Ἰωνᾶ RP </note>
<note>• εἶπεν WH Treg RP ] λέγει NA28 </note>
<note>• πάντα σὺ WH Treg NA28 ] σὺ πάντα RP </note>
<note>• ὁ NA28 RP ] – WH Treg </note>
<note>• πρόβατά WH NA28 RP ] προβάτιά Treg</note>

<verse>John 21:18</verse>
<note>18 σε ζώσει NA28 RP ] ζώσει σε WH Treg</note>

<verse>John 21:20</verse>
<note>20 Ἐπιστραφεὶς WH Treg NA28 ] + δὲ RP</note>

<verse>John 21:21</verse>
<note>21 οὖν WH Treg NA28 ] – RP</note>

<verse>John 21:22</verse>
<note>22 μοι ἀκολούθει WH Treg NA28 ] ἀκολούθει μοι RP</note>

<verse>John 21:23</verse>
<note>23 οὗτος ὁ λόγος WH Treg NA28 ] ὁ λόγος οὗτος RP </note>
<note>• οὐκ εἶπεν δὲ WH Treg NA28 ] καὶ οὐκ εἶπεν RP</note>

<verse>John 21:24</verse>
<note>24 ὁ WH Treg NA28 ] – RP </note>
<note>• αὐτοῦ ἡ μαρτυρία ἐστίν WH Treg NA28 ] ἐστὶν ἡ μαρτυρία αὐτοῦ RP</note>

<verse>John 21:25</verse>
<note>25 ἃ WH Treg NA28 ] ὅσα RP </note>
<note>• χωρήσειν WH Treg ] χωρῆσαι NA28 RP </note>
<note>• βιβλία WH Treg NA28 ] + Ἀμήν RP</note>
</book>
