<book>
<book-name>ΠΡΟΣ ΤΙΜΟΘΕΟΝ Α</book-name>

<verse>1 Timothy 1:1</verse>
<note>1:1 Χριστοῦ Ἰησοῦ WH Treg NA28 ] Ἰησοῦ Χριστοῦ RP </note>
<note>• Χριστοῦ Ἰησοῦ WH Treg NA28 ] κυριόυ Ἰησοῦ Χριστοῦ RP</note>

<verse>1 Timothy 1:2</verse>
<note>2 πατρὸς WH Treg NA28 ] + ἡμῶν RP</note>

<verse>1 Timothy 1:4</verse>
<note>4 ἐκζητήσεις WH Treg NA28 ] ζητήσεις RP</note>

<verse>1 Timothy 1:12</verse>
<note>12 Χάριν WH Treg NA28 ] Καὶ χάριν RP</note>

<verse>1 Timothy 1:13</verse>
<note>13 τὸ WH Treg NA28 ] τὸν RP</note>

<verse>1 Timothy 1:16</verse>
<note>16 Χριστὸς Ἰησοῦς WH Treg NA28 ] Ἰησοῦς Χριστὸς RP </note>
<note>• ἅπασαν WH Treg NA28 ] πᾶσαν RP</note>

<verse>1 Timothy 1:17</verse>
<note>17 μόνῳ WH Treg NA28 ] + σοφῶ RP</note>

<verse>1 Timothy 1:18</verse>
<note>18 στρατεύῃ WH NA28 RP ] στρατεύσῃ Treg</note>

<verse>1 Timothy 2:3</verse>
<note>2:3 τοῦτο WH Treg NA28 ] + γὰρ RP</note>

<verse>1 Timothy 2:7</verse>
<note>7 λέγω WH Treg NA28 ] + ἐν Χριστῷ RP</note>

<verse>1 Timothy 2:8</verse>
<note>8 διαλογισμοῦ Treg NA28 RP ] διαλογισμῶν WH</note>

<verse>1 Timothy 2:9</verse>
<note>9 καὶ Treg NA28 ] – WH; + τὰς RP </note>
<note>• καὶ WH Treg NA28 ] ἢ RP </note>
<note>• χρυσίῳ WH NA28 ] χρυσῷ Treg RP</note>

<verse>1 Timothy 2:12</verse>
<note>12 διδάσκειν δὲ γυναικὶ WH Treg NA28 ] Γυναικὶ δὲ διδάσκειν RP</note>

<verse>1 Timothy 2:14</verse>
<note>14 ἐξαπατηθεῖσα WH Treg NA28 ] ἀπατηθεῖσα RP</note>

<verse>1 Timothy 3:3</verse>
<note>3:3 πλήκτην WH Treg NA28 ] + μὴ αἰσχροκερδῆ RP</note>

<verse>1 Timothy 3:7</verse>
<note>7 δὲ WH Treg NA28 ] + αὐτὸν RP</note>

<verse>1 Timothy 3:14</verse>
<note>14 ἐν τάχει WH Treg NA28 ] τάχιον RP</note>

<verse>1 Timothy 3:16</verse>
<note>16 Ὃς WH Treg NA28 ] θεὸς RP</note>

<verse>1 Timothy 4:6</verse>
<note>4:6 Χριστοῦ Ἰησοῦ WH Treg NA28 ] Ἰησοῦ Χριστοῦ RP</note>

<verse>1 Timothy 4:10</verse>
<note>10 γὰρ WH Treg NA28 ] + καὶ RP </note>
<note>• ὀνειδιζόμεθα RP ] ἀγωνιζόμεθα WH Treg NA28</note>

<verse>1 Timothy 4:12</verse>
<note>12 ἀγάπῃ WH Treg NA28 ] + ἐν πνεύματι RP</note>

<verse>1 Timothy 4:15</verse>
<note>15 ᾖ WH Treg NA28 ] + ἐν RP</note>

<verse>1 Timothy 5:5</verse>
<note>5:5 θεὸν NA28 ] τὸν θεὸν WH Treg RP</note>

<verse>1 Timothy 5:8</verse>
<note>8 μάλιστα WH Treg NA28 ] + τῶν RP </note>
<note>• προνοεῖ WH NA28 RP ] προνοεῖται Treg</note>

<verse>1 Timothy 5:16</verse>
<note>16 τις WH Treg NA28 ] + πιστὸς ἢ RP </note>
<note>• ἐπαρκείτω WH NA28 RP ] ἐπαρκείσθω Treg</note>

<verse>1 Timothy 5:20</verse>
<note>20 τοὺς Treg NA28 RP ] + δὲ WH</note>

<verse>1 Timothy 5:21</verse>
<note>21 Χριστοῦ Ἰησοῦ WH Treg NA28 ] κυρίου Ἰησοῦ Χριστοῦ RP</note>

<verse>1 Timothy 5:23</verse>
<note>23 στόμαχον WH Treg NA28 ] + σου RP</note>

<verse>1 Timothy 5:25</verse>
<note>25 ἔργα τὰ καλὰ WH Treg NA28 ] καλὰ ἔργα RP </note>
<note>• πρόδηλα WH Treg NA28 ] + ἐστίν RP</note>

<verse>1 Timothy 6:5</verse>
<note>6:5 εὐσέβειαν WH Treg NA28 ] + Ἀφίστασο ἀπὸ τῶν τοιούτων RP</note>

<verse>1 Timothy 6:7</verse>
<note>7 ὅτι WH Treg NA28 ] δῆλον ὅτι RP</note>

<verse>1 Timothy 6:11</verse>
<note>11 θεοῦ WH Treg NA28 ] τοῦ θεοῦ RP </note>
<note>• πραϋπαθίαν WH Treg NA28 ] πρᾳότητα RP</note>

<verse>1 Timothy 6:13</verse>
<note>13 ζῳογονοῦντος WH Treg NA28 ] ζωοποιοῦντος RP</note>

<verse>1 Timothy 6:17</verse>
<note>17 ἐπὶ WH Treg NA28 ] ἐν τῷ RP </note>
<note>• θεῷ WH Treg NA28 ] + τῷ ζῶντι RP</note>

<verse>1 Timothy 6:19</verse>
<note>19 ὄντως WH Treg NA28 ] αἰωνίου RP</note>

<verse>1 Timothy 6:21</verse>
<note>21 μεθʼ ὑμῶν WH Treg NA28 ] μετὰ σοῦ Ἀμήν RP</note>
</book>
