<?xml version="1.0" encoding="UTF-8"?>
<!-- Copyright C.V.Kimball 2013 -->
<Tanach xmlns:xsi="http://www.w3.org/2001/XMLSchema-instance" xsi:noNamespaceSchemaLocation="../XSL/Tanach.xsd">
<teiHeader>
  <fileDesc>
    <titleStmt>
      <title level="s" type="uniform">Tanach</title>
      <title level="s" type="uniformhebrew">תנ״ך</title>
      <title level="s" type="main">Unicode/XML Leningrad Codex</title>
      <title level="a" type="main">Haggai</title>
      <title level="a" type="mainhebrew">חגי</title>
      <title level="a" type="filename">Haggai</title>
      <editor>Shemu'el ben Ya'akov</editor>
      <editor>Aharon ben-Mosheh ben-Asher</editor>
      <respStmt>
        <resp>Publisher:</resp>
        <name>Christopher V. Kimball</name>
        <name type="email">mail@cvkimball.com</name>
      </respStmt>
    </titleStmt>
    <editionStmt>
      <edition>Unicode/XML Leningrad Codex (UXLC)
        <version>UXLC 2.0</version>
        <date>19 Oct 2023</date>
        <build>27.1</build>
        <buildDateTime>19 Oct 2023  00:00</buildDateTime>
      </edition>
<respStmt>
<resp>WLC2XML[21 Apr 2023] - Transcription from Michigan-Claremont encoding to Unicode with XML markings. See details in notes.</resp>
<resp>ScanReplace/EditWLC[30 Dec 2020] - Edits/removes transcription notes; removes MDs.</resp>
<resp>ScanReplace/InsertCGJs[29 Dec 2020] - Places CGJ in Jerusalem VUV words and leading metegs.</resp>
<resp>Updater[15 Sep 2023] - Changes.xml file dated 2020.02.19 . </resp>
<resp>Updater[15 Sep 2023] - Changes.xml file dated 2020.10.19 . </resp>
<resp>Updater[15 Sep 2023] - Changes.xml file dated 2021.04.01 . </resp>
<resp>Updater[15 Sep 2023] - Changes.xml file dated 2021.10.19 . </resp>
<resp>Updater[15 Sep 2023] - Changes.xml file dated 2022.04.01 . </resp>
<resp>Updater[15 Sep 2023] - Changes.xml file dated 2022.07.04 . </resp>
<resp>Updater[15 Sep 2023] - Changes.xml file dated 2022.10.19 . </resp>
<resp>Updater[15 Sep 2023] - Changes.xml file dated 2022.12.07 . </resp>
<resp>Updater[15 Sep 2023] - Changes.xml file dated 2023.04.01 . </resp>
<resp>Updater[15 Sep 2023] - Changes.xml file dated 2023.07.04 . </resp>
<resp>Updater[15 Sep 2023] - Changes.xml file dated 2023.10.19 . </resp>
</respStmt>
    </editionStmt>
    <extent>27849</extent>
    <publicationStmt>
      <distributor>Via web site:
        <name>Christopher V. Kimball</name>
        <name type="url">https://tanach.us/Tanach.xml</name>
        <name type="email">mail@cvkimball.com</name>
      </distributor>
      <availability status="free">Freely available</availability>
    </publicationStmt>
    <notesStmt>
      <note>The original text file wlc420_ps.txt was provided by the Groves Center. 
The file has the MD5 hash: d31a 6a6e 9afa bf82 272c 2efb 0522 a12e 
and was dated 25 Jan 2016. Six transcription notes (5,7,F) have been moved to the noted character (Lev 11:42.4, Judg 18:30.11, Isa 9.6.1, Ps 80:14.3, Job 38:13.5, Job 38:15.2) to produce the file wlc420_ps_td.txt for conversion to Unicode and XML by the program WLC2XML. The only other changes to the Groves Center text are: The book names in English and Hebrew of the Jewish Publication Society Tanach and book abbreviations from the New Revised Standard Version have been added. MC code 32 added as atnah hafukh by Steve Salisbury, 30 Sep 2021. The atnah hafukh codepoint, x05a2, has been added to the character table; it does not appear in WLC 4.20. </note>
    <correction>
<citation>1:10.5</citation>
<description>In the LC the shin base letter has no dots, add note 'c'.</description>
<author>Ben Denckla</author>
<filedate>2021.10.19</filedate>
<date>2021.07.03</date>
<n>1</n>
</correction>
</notesStmt>
    <sourceDesc>
      <biblItem>
        <title>Hebrew Bible</title>
        <title>Leningrad Codex</title>
        <editor>Shemu'el ben Ya'akov</editor>
        <editor>Aharon ben-Mosheh ben-Asher</editor>
        <edition>Original document</edition>
        <imprint>
          <publisher>Russian National Library (Saltykov-Shchedrin)</publisher>
          <pubPlace>St. Petersburg (Leningrad)</pubPlace>
          <date>1008</date>
        </imprint>
        <idno type="Accession">Firkovich B 19 A</idno>
      </biblItem>
      <biblItem>
        <title>The Leningrad Codex - A Facsimile Edition</title>
        <editor>Freedman, David Noel</editor>
        <editor>Beck, Astrid B.</editor>
        <edition>First</edition>
        <imprint>
          <publisher>Wm. B. Eerdmans Publishing Co.</publisher>
          <pubPlace>Grand Rapids, MI</pubPlace>
          <date>1998</date>
        </imprint>
        <idno type="IBSN">0-8028-3786-7</idno>
      </biblItem>
      <biblItem>
        <title>The Westminster Leningrad Codex</title>
        <editor>Salisbury, Stephen K.</editor>
        <edition>WLC 4.20</edition>
        <imprint>
          <publisher>The J. Alan Groves Center for Advanced Biblical Research ("Groves Center").</publisher>
          <pubPlace>2960 Church Rd.</pubPlace>
          <pubPlace>Glenside, PA 19038</pubPlace>
          <date>25 January 2016</date>
        </imprint>
        <idno type="Unknown"/>
      </biblItem>
    </sourceDesc>
  </fileDesc>
  <encodingDesc>
  </encodingDesc>
  <profileDesc>
    <creation>From WLC 4.20 provided by the Groves Center.</creation>
    <date>25 Jan 2016</date>
    <langUsage>
      <language ident="HE">Hebrew</language>
    </langUsage>
  </profileDesc>
</teiHeader>
<tanach>
  <book>
    <names>
      <name>Haggai</name>
      <abbrev>Hag</abbrev>
      <number>24</number>
      <filename>Haggai</filename>
      <hebrewname>חגי</hebrewname>
    </names>
    <c n="1">
      <v n="1">
        <w>בִּשְׁנַ֤ת</w>
        <w>שְׁתַּ֙יִם֙</w>
        <w>לְדָרְיָ֣וֶשׁ</w>
        <w>הַמֶּ֔לֶךְ</w>
        <w>בַּחֹ֙דֶשׁ֙</w>
        <w>הַשִּׁשִּׁ֔י</w>
        <w>בְּי֥וֹם</w>
        <w>אֶחָ֖ד</w>
        <w>לַחֹ֑דֶשׁ</w>
        <w>הָיָ֨ה</w>
        <w>דְבַר־</w>
        <w>יְהוָ֜ה</w>
        <w>בְּיַד־</w>
        <w>חַגַּ֣י</w>
        <w>הַנָּבִ֗יא</w>
        <w>אֶל־</w>
        <w>זְרֻבָּבֶ֤ל</w>
        <w>בֶּן־</w>
        <w>שְׁאַלְתִּיאֵל֙</w>
        <w>פַּחַ֣ת</w>
        <w>יְהוּדָ֔ה</w>
        <w>וְאֶל־</w>
        <w>יְהוֹשֻׁ֧עַ</w>
        <w>בֶּן־</w>
        <w>יְהוֹצָדָ֛ק</w>
        <w>הַכֹּהֵ֥ן</w>
        <w>הַגָּד֖וֹל</w>
        <w>לֵאמֹֽר׃</w>
      </v>
      <v n="2">
        <w>כֹּ֥ה</w>
        <w>אָמַ֛ר</w>
        <w>יְהוָ֥ה</w>
        <w>צְבָא֖וֹת</w>
        <w>לֵאמֹ֑ר</w>
        <w>הָעָ֤ם</w>
        <w>הַזֶּה֙</w>
        <w>אָֽמְר֔וּ</w>
        <w>לֹ֥א</w>
        <w>עֶת־</w>
        <w>בֹּ֛א</w>
        <w>עֶת־</w>
        <w>בֵּ֥ית</w>
        <w>יְהוָ֖ה</w>
        <w>לְהִבָּנֽוֹת׃</w>
        <pe/>
      </v>
      <v n="3">
        <w>וַֽיְהִי֙</w>
        <w>דְּבַר־</w>
        <w>יְהוָ֔ה</w>
        <w>בְּיַד־</w>
        <w>חַגַּ֥י</w>
        <w>הַנָּבִ֖יא</w>
        <w>לֵאמֹֽר׃</w>
      </v>
      <v n="4">
        <w>הַעֵ֤ת</w>
        <w>לָכֶם֙</w>
        <w>אַתֶּ֔ם</w>
        <w>לָשֶׁ֖בֶת</w>
        <w>בְּבָתֵּיכֶ֣ם</w>
        <w>סְפוּנִ֑ים</w>
        <w>וְהַבַּ֥יִת</w>
        <w>הַזֶּ֖ה</w>
        <w>חָרֵֽב׃</w>
      </v>
      <v n="5">
        <w>וְעַתָּ֕ה</w>
        <w>כֹּ֥ה</w>
        <w>אָמַ֖ר</w>
        <w>יְהוָ֣ה</w>
        <w>צְבָא֑וֹת</w>
        <w>שִׂ֥ימוּ</w>
        <w>לְבַבְכֶ֖ם</w>
        <w>עַל־</w>
        <w>דַּרְכֵיכֶֽם׃</w>
      </v>
      <v n="6">
        <w>זְרַעְתֶּ֨ם</w>
        <w>הַרְבֵּ֜ה</w>
        <w>וְהָבֵ֣א</w>
        <w>מְעָ֗ט</w>
        <w>אָכ֤וֹל</w>
        <w>וְאֵין־</w>
        <w>לְשָׂבְעָה֙</w>
        <w>שָׁת֣וֹ</w>
        <w>וְאֵין־</w>
        <w>לְשָׁכְרָ֔ה</w>
        <w>לָב֖וֹשׁ</w>
        <w>וְאֵין־</w>
        <w>לְחֹ֣ם</w>
        <w>ל֑וֹ</w>
        <w>וְהַ֨מִּשְׂתַּכֵּ֔ר</w>
        <w>מִשְׂתַּכֵּ֖ר</w>
        <w>אֶל־</w>
        <w>צְר֥וֹר</w>
        <w>נָקֽוּב׃</w>
        <pe/>
      </v>
      <v n="7">
        <w>כֹּ֥ה</w>
        <w>אָמַ֖ר</w>
        <w>יְהוָ֣ה</w>
        <w>צְבָא֑וֹת</w>
        <w>שִׂ֥ימוּ</w>
        <w>לְבַבְכֶ֖ם</w>
        <w>עַל־</w>
        <w>דַּרְכֵיכֶֽם׃</w>
      </v>
      <v n="8">
        <w>עֲל֥וּ</w>
        <w>הָהָ֛ר</w>
        <w>וַהֲבֵאתֶ֥ם</w>
        <w>עֵ֖ץ</w>
        <w>וּבְנ֣וּ</w>
        <w>הַבָּ֑יִת</w>
        <w>וְאֶרְצֶה־</w>
        <w>בּ֥וֹ</w>
        <k>ואכבד</k>
        <q>וְאֶכָּבְדָ֖ה</q>
        <w>אָמַ֥ר</w>
        <w>יְהוָֽה׃</w>
      </v>
      <v n="9">
        <w>פָּנֹ֤ה</w>
        <w>אֶל־</w>
        <w>הַרְבֵּה֙</w>
        <w>וְהִנֵּ֣ה</w>
        <w>לִמְעָ֔ט</w>
        <w>וַהֲבֵאתֶ֥ם</w>
        <w>הַבַּ֖יִת</w>
        <w>וְנָפַ֣חְתִּי</w>
        <w>ב֑וֹ</w>
        <w>יַ֣עַן</w>
        <w>מֶ֗ה</w>
        <w>נְאֻם֙</w>
        <w>יְהוָ֣ה</w>
        <w>צְבָא֔וֹת</w>
        <w>יַ֗עַן</w>
        <w>בֵּיתִי֙</w>
        <w>אֲשֶׁר־</w>
        <w>ה֣וּא</w>
        <w>חָרֵ֔ב</w>
        <w>וְאַתֶּ֥ם</w>
        <w>רָצִ֖ים</w>
        <w>אִ֥ישׁ</w>
        <w>לְבֵיתֽוֹ׃</w>
      </v>
      <v n="10">
        <w>עַל־</w>
        <w>כֵּ֣ן</w>
        <w>עֲלֵיכֶ֔ם</w>
        <w>כָּלְא֥וּ</w>
        <w>שָ<x>c</x>מַ֖יִם</w>
        <w>מִטָּ֑ל</w>
        <w>וְהָאָ֖רֶץ</w>
        <w>כָּלְאָ֥ה</w>
        <w>יְבוּלָֽהּ׃</w>
      </v>
      <v n="11">
        <w>וָאֶקְרָ֨א</w>
        <w>חֹ֜רֶב</w>
        <w>עַל־</w>
        <w>הָאָ֣רֶץ</w>
        <w>וְעַל־</w>
        <w>הֶהָרִ֗ים</w>
        <w>וְעַל־</w>
        <w>הַדָּגָן֙</w>
        <w>וְעַל־</w>
        <w>הַתִּיר֣וֹשׁ</w>
        <w>וְעַל־</w>
        <w>הַיִּצְהָ֔ר</w>
        <w>וְעַ֛ל</w>
        <w>אֲשֶׁ֥ר</w>
        <w>תּוֹצִ֖יא</w>
        <w>הָאֲדָמָ֑ה</w>
        <w>וְעַל־</w>
        <w>הָֽאָדָם֙</w>
        <w>וְעַל־</w>
        <w>הַבְּהֵמָ֔ה</w>
        <w>וְעַ֖ל</w>
        <w>כָּל־</w>
        <w>יְגִ֥יעַ</w>
        <w>כַּפָּֽיִם׃</w>
        <samekh/>
      </v>
      <v n="12">
        <w>וַיִּשְׁמַ֣ע</w>
        <w>זְרֻבָּבֶ֣ל ׀</w>
        <w>בֶּֽן־</w>
        <w>שַׁלְתִּיאֵ֡ל</w>
        <w>וִיהוֹשֻׁ֣עַ</w>
        <w>בֶּן־</w>
        <w>יְהוֹצָדָק֩</w>
        <w>הַכֹּהֵ֨ן</w>
        <w>הַגָּד֜וֹל</w>
        <w>וְכֹ֣ל ׀</w>
        <w>שְׁאֵרִ֣ית</w>
        <w>הָעָ֗ם</w>
        <w>בְּקוֹל֙</w>
        <w>יְהוָ֣ה</w>
        <w>אֱלֹֽהֵיהֶ֔ם</w>
        <w>וְעַל־</w>
        <w>דִּבְרֵי֙</w>
        <w>חַגַּ֣י</w>
        <w>הַנָּבִ֔יא</w>
        <w>כַּאֲשֶׁ֥ר</w>
        <w>שְׁלָח֖וֹ</w>
        <w>יְהוָ֣ה</w>
        <w>אֱלֹהֵיהֶ֑ם</w>
        <w>וַיִּֽירְא֥וּ</w>
        <w>הָעָ֖ם</w>
        <w>מִפְּנֵ֥י</w>
        <w>יְהוָֽה׃</w>
      </v>
      <v n="13">
        <w>וַ֠יֹּאמֶר</w>
        <w>חַגַּ֞י</w>
        <w>מַלְאַ֧ךְ</w>
        <w>יְהוָ֛ה</w>
        <w>בְּמַלְאֲכ֥וּת</w>
        <w>יְהוָ֖ה</w>
        <w>לָעָ֣ם</w>
        <w>לֵאמֹ֑ר</w>
        <w>אֲנִ֥י</w>
        <w>אִתְּכֶ֖ם</w>
        <w>נְאֻם־</w>
        <w>יְהוָֽה׃</w>
      </v>
      <v n="14">
        <w>וַיָּ֣עַר</w>
        <w>יְהוָ֡ה</w>
        <w>אֶת־</w>
        <w>רוּחַ֩</w>
        <w>זְרֻבָּבֶ֨ל</w>
        <w>בֶּן־</w>
        <w>שַׁלְתִּיאֵ֜ל</w>
        <w>פַּחַ֣ת</w>
        <w>יְהוּדָ֗ה</w>
        <w>וְאֶת־</w>
        <w>ר֙וּחַ֙</w>
        <w>יְהוֹשֻׁ֤עַ</w>
        <w>בֶּן־</w>
        <w>יְהוֹצָדָק֙</w>
        <w>הַכֹּהֵ֣ן</w>
        <w>הַגָּד֔וֹל</w>
        <w>וְֽאֶת־</w>
        <w>ר֔וּחַ</w>
        <w>כֹּ֖ל</w>
        <w>שְׁאֵרִ֣ית</w>
        <w>הָעָ֑ם</w>
        <w>וַיָּבֹ֙אוּ֙</w>
        <w>וַיַּעֲשׂ֣וּ</w>
        <w>מְלָאכָ֔ה</w>
        <w>בְּבֵית־</w>
        <w>יְהוָ֥ה</w>
        <w>צְבָא֖וֹת</w>
        <w>אֱלֹהֵיהֶֽם׃</w>
        <pe/>
      </v>
      <v n="15">
        <w>בְּי֨וֹם</w>
        <w>עֶשְׂרִ֧ים</w>
        <w>וְאַרְבָּעָ֛ה</w>
        <w>לַחֹ֖דֶשׁ</w>
        <w>בַּשִּׁשִּׁ֑י</w>
        <w>בִּשְׁנַ֥ת</w>
        <w>שְׁתַּ֖יִם</w>
        <w>לְדָרְיָ֥וֶשׁ</w>
        <w>הַמֶּֽלֶךְ׃</w>
      </v>
      <vs>15</vs>
    </c>
    <c n="2">
      <v n="1">
        <w>בַּשְּׁבִיעִ֕י</w>
        <w>בְּעֶשְׂרִ֥ים</w>
        <w>וְאֶחָ֖ד</w>
        <w>לַחֹ֑דֶשׁ</w>
        <w>הָיָה֙</w>
        <w>דְּבַר־</w>
        <w>יְהוָ֔ה</w>
        <w>בְּיַד־</w>
        <w>חַגַּ֥י</w>
        <w>הַנָּבִ֖יא</w>
        <w>לֵאמֹֽר׃</w>
      </v>
      <v n="2">
        <w>אֱמָר־</w>
        <w>נָ֗א</w>
        <w>אֶל־</w>
        <w>זְרֻבָּבֶ֤ל</w>
        <w>בֶּן־</w>
        <w>שַׁלְתִּיאֵל֙</w>
        <w>פַּחַ֣ת</w>
        <w>יְהוּדָ֔ה</w>
        <w>וְאֶל־</w>
        <w>יְהוֹשֻׁ֥עַ</w>
        <w>בֶּן־</w>
        <w>יְהוֹצָדָ֖ק</w>
        <w>הַכֹּהֵ֣ן</w>
        <w>הַגָּד֑וֹל</w>
        <w>וְאֶל־</w>
        <w>שְׁאֵרִ֥ית</w>
        <w>הָעָ֖ם</w>
        <w>לֵאמֹֽר׃</w>
      </v>
      <v n="3">
        <w>מִ֤י</w>
        <w>בָכֶם֙</w>
        <w>הַנִּשְׁאָ֔ר</w>
        <w>אֲשֶׁ֤ר</w>
        <w>רָאָה֙</w>
        <w>אֶת־</w>
        <w>הַבַּ֣יִת</w>
        <w>הַזֶּ֔ה</w>
        <w>בִּכְבוֹד֖וֹ</w>
        <w>הָרִאשׁ֑וֹן</w>
        <w>וּמָ֨ה</w>
        <w>אַתֶּ֜ם</w>
        <w>רֹאִ֤ים</w>
        <w>אֹתוֹ֙</w>
        <w>עַ֔תָּה</w>
        <w>הֲל֥וֹא</w>
        <w>כָמֹ֛הוּ</w>
        <w>כְּאַ֖יִן</w>
        <w>בְּעֵינֵיכֶֽם׃</w>
      </v>
      <v n="4">
        <w>וְעַתָּ֣ה</w>
        <w>חֲזַ֣ק</w>
        <w>זְרֻבָּבֶ֣ל ׀</w>
        <w>נְאֻם־</w>
        <w>יְהוָ֡ה</w>
        <w>וַחֲזַ֣ק</w>
        <w>יְהוֹשֻׁ֣עַ</w>
        <w>בֶּן־</w>
        <w>יְהוֹצָדָק֩</w>
        <w>הַכֹּהֵ֨ן</w>
        <w>הַגָּד֜וֹל</w>
        <w>וַחֲזַ֨ק</w>
        <w>כָּל־</w>
        <w>עַ֥ם</w>
        <w>הָאָ֛רֶץ</w>
        <w>נְאֻם־</w>
        <w>יְהוָ֖ה</w>
        <w>וַֽעֲשׂ֑וּ</w>
        <w>כִּֽי־</w>
        <w>אֲנִ֣י</w>
        <w>אִתְּכֶ֔ם</w>
        <w>נְאֻ֖ם</w>
        <w>יְהוָ֥ה</w>
        <w>צְבָאֽוֹת׃</w>
      </v>
      <v n="5">
        <w>אֶֽת־</w>
        <w>הַדָּבָ֞ר</w>
        <w>אֲשֶׁר־</w>
        <w>כָּרַ֤תִּי</w>
        <w>אִתְּכֶם֙</w>
        <w>בְּצֵאתְכֶ֣ם</w>
        <w>מִמִּצְרַ֔יִם</w>
        <w>וְרוּחִ֖י</w>
        <w>עֹמֶ֣דֶת</w>
        <w>בְּתוֹכְכֶ֑ם</w>
        <w>אַל־</w>
        <w>תִּירָֽאוּ׃</w>
        <samekh/>
      </v>
      <v n="6">
        <w>כִּ֣י</w>
        <w>כֹ֤ה</w>
        <w>אָמַר֙</w>
        <w>יְהוָ֣ה</w>
        <w>צְבָא֔וֹת</w>
        <w>ע֥וֹד</w>
        <w>אַחַ֖ת</w>
        <w>מְעַ֣ט</w>
        <w>הִ֑יא</w>
        <w>וַאֲנִ֗י</w>
        <w>מַרְעִישׁ֙</w>
        <w>אֶת־</w>
        <w>הַשָּׁמַ֣יִם</w>
        <w>וְאֶת־</w>
        <w>הָאָ֔רֶץ</w>
        <w>וְאֶת־</w>
        <w>הַיָּ֖ם</w>
        <w>וְאֶת־</w>
        <w>הֶחָרָבָֽה׃</w>
      </v>
      <v n="7">
        <w>וְהִרְעַשְׁתִּי֙</w>
        <w>אֶת־</w>
        <w>כָּל־</w>
        <w>הַגּוֹיִ֔ם</w>
        <w>וּבָ֖אוּ</w>
        <w>חֶמְדַּ֣ת</w>
        <w>כָּל־</w>
        <w>הַגּוֹיִ֑ם</w>
        <w>וּמִלֵּאתִ֞י</w>
        <w>אֶת־</w>
        <w>הַבַּ֤יִת</w>
        <w>הַזֶּה֙</w>
        <w>כָּב֔וֹד</w>
        <w>אָמַ֖ר</w>
        <w>יְהוָ֥ה</w>
        <w>צְבָאֽוֹת׃</w>
      </v>
      <v n="8">
        <w>לִ֥י</w>
        <w>הַכֶּ֖סֶף</w>
        <w>וְלִ֣י</w>
        <w>הַזָּהָ֑ב</w>
        <w>נְאֻ֖ם</w>
        <w>יְהוָ֥ה</w>
        <w>צְבָאֽוֹת׃</w>
      </v>
      <v n="9">
        <w>גָּד֣וֹל</w>
        <w>יִֽהְיֶ֡ה</w>
        <w>כְּבוֹד֩</w>
        <w>הַבַּ֨יִת</w>
        <w>הַזֶּ֤ה</w>
        <w>הָאַֽחֲרוֹן֙</w>
        <w>מִן־</w>
        <w>הָ֣רִאשׁ֔וֹן</w>
        <w>אָמַ֖ר</w>
        <w>יְהוָ֣ה</w>
        <w>צְבָא֑וֹת</w>
        <w>וּבַמָּק֤וֹם</w>
        <w>הַזֶּה֙</w>
        <w>אֶתֵּ֣ן</w>
        <w>שָׁל֔וֹם</w>
        <w>נְאֻ֖ם</w>
        <w>יְהוָ֥ה</w>
        <w>צְבָאֽוֹת׃</w>
        <pe/>
      </v>
      <v n="10">
        <w>בְּעֶשְׂרִ֤ים</w>
        <w>וְאַרְבָּעָה֙</w>
        <w>לַתְּשִׁיעִ֔י</w>
        <w>בִּשְׁנַ֥ת</w>
        <w>שְׁתַּ֖יִם</w>
        <w>לְדָרְיָ֑וֶשׁ</w>
        <w>הָיָה֙</w>
        <w>דְּבַר־</w>
        <w>יְהוָ֔ה</w>
        <w>אֶל־</w>
        <w>חַגַּ֥י</w>
        <w>הַנָּבִ֖יא</w>
        <w>לֵאמֹֽר׃</w>
      </v>
      <v n="11">
        <w>כֹּ֥ה</w>
        <w>אָמַ֖ר</w>
        <w>יְהוָ֣ה</w>
        <w>צְבָא֑וֹת</w>
        <w>שְׁאַל־</w>
        <w>נָ֧א</w>
        <w>אֶת־</w>
        <w>הַכֹּהֲנִ֛ים</w>
        <w>תּוֹרָ֖ה</w>
        <w>לֵאמֹֽר׃</w>
      </v>
      <v n="12">
        <w>הֵ֣ן ׀</w>
        <w>יִשָּׂא־</w>
        <w>אִ֨ישׁ</w>
        <w>בְּשַׂר־</w>
        <w>קֹ֜דֶשׁ</w>
        <w>בִּכְנַ֣ף</w>
        <w>בִּגְד֗וֹ</w>
        <w>וְנָגַ֣ע</w>
        <w>בִּ֠כְנָפוֹ</w>
        <w>אֶל־</w>
        <w>הַלֶּ֨חֶם</w>
        <w>וְאֶל־</w>
        <w>הַנָּזִ֜יד</w>
        <w>וְאֶל־</w>
        <w>הַיַּ֧יִן</w>
        <w>וְאֶל־</w>
        <w>שֶׁ֛מֶן</w>
        <w>וְאֶל־</w>
        <w>כָּל־</w>
        <w>מַאֲכָ֖ל</w>
        <w>הֲיִקְדָּ֑שׁ</w>
        <w>וַיַּעֲנ֧וּ</w>
        <w>הַכֹּהֲנִ֛ים</w>
        <w>וַיֹּאמְר֖וּ</w>
        <w>לֹֽא׃</w>
      </v>
      <v n="13">
        <w>וַיֹּ֣אמֶר</w>
        <w>חַגַּ֔י</w>
        <w>אִם־</w>
        <w>יִגַּ֧ע</w>
        <w>טְמֵא־</w>
        <w>נֶ֛פֶשׁ</w>
        <w>בְּכָל־</w>
        <w>אֵ֖לֶּה</w>
        <w>הֲיִטְמָ֑א</w>
        <w>וַיַּעֲנ֧וּ</w>
        <w>הַכֹּהֲנִ֛ים</w>
        <w>וַיֹּאמְר֖וּ</w>
        <w>יִטְמָֽא׃</w>
      </v>
      <v n="14">
        <w>וַיַּ֨עַן</w>
        <w>חַגַּ֜י</w>
        <w>וַיֹּ֗אמֶר</w>
        <w>כֵּ֣ן</w>
        <w>הָֽעָם־</w>
        <w>הַ֠זֶּה</w>
        <w>וְכֵן־</w>
        <w>הַגּ֨וֹי</w>
        <w>הַזֶּ֤ה</w>
        <w>לְפָנַי֙</w>
        <w>נְאֻם־</w>
        <w>יְהוָ֔ה</w>
        <w>וְכֵ֖ן</w>
        <w>כָּל־</w>
        <w>מַעֲשֵׂ֣ה</w>
        <w>יְדֵיהֶ֑ם</w>
        <w>וַאֲשֶׁ֥ר</w>
        <w>יַקְרִ֛יבוּ</w>
        <w>שָׁ֖ם</w>
        <w>טָמֵ֥א</w>
        <w>הֽוּא׃</w>
      </v>
      <v n="15">
        <w>וְעַתָּה֙</w>
        <w>שִֽׂימוּ־</w>
        <w>נָ֣א</w>
        <w>לְבַבְכֶ֔ם</w>
        <w>מִן־</w>
        <w>הַיּ֥וֹם</w>
        <w>הַזֶּ֖ה</w>
        <w>וָמָ֑עְלָה</w>
        <w>מִטֶּ֧רֶם</w>
        <w>שֽׂוּם־</w>
        <w>אֶ֛בֶן</w>
        <w>אֶל־</w>
        <w>אֶ֖בֶן</w>
        <w>בְּהֵיכַ֥ל</w>
        <w>יְהוָֽה׃</w>
      </v>
      <v n="16">
        <w>מִֽהְיוֹתָ֥ם</w>
        <w>בָּא֙</w>
        <w>אֶל־</w>
        <w>עֲרֵמַ֣ת</w>
        <w>עֶשְׂרִ֔ים</w>
        <w>וְהָיְתָ֖ה</w>
        <w>עֲשָׂרָ֑ה</w>
        <w>בָּ֣א</w>
        <w>אֶל־</w>
        <w>הַיֶּ֗קֶב</w>
        <w>לַחְשֹׂף֙</w>
        <w>חֲמִשִּׁ֣ים</w>
        <w>פּוּרָ֔ה</w>
        <w>וְהָיְתָ֖ה</w>
        <w>עֶשְׂרִֽים׃</w>
      </v>
      <v n="17">
        <w>הִכֵּ֨יתִי</w>
        <w>אֶתְכֶ֜ם</w>
        <w>בַּשִּׁדָּפ֤וֹן</w>
        <w>וּבַיֵּֽרָקוֹן֙</w>
        <w>וּבַבָּרָ֔ד</w>
        <w>אֵ֖ת</w>
        <w>כָּל־</w>
        <w>מַעֲשֵׂ֣ה</w>
        <w>יְדֵיכֶ֑ם</w>
        <w>וְאֵין־</w>
        <w>אֶתְכֶ֥ם</w>
        <w>אֵלַ֖י</w>
        <w>נְאֻם־</w>
        <w>יְהוָֽה׃</w>
      </v>
      <v n="18">
        <w>שִׂימוּ־</w>
        <w>נָ֣א</w>
        <w>לְבַבְכֶ֔ם</w>
        <w>מִן־</w>
        <w>הַיּ֥וֹם</w>
        <w>הַזֶּ֖ה</w>
        <w>וָמָ֑עְלָה</w>
        <w>מִיּוֹם֩</w>
        <w>עֶשְׂרִ֨ים</w>
        <w>וְאַרְבָּעָ֜ה</w>
        <w>לַתְּשִׁיעִ֗י</w>
        <w>לְמִן־</w>
        <w>הַיּ֛וֹם</w>
        <w>אֲשֶׁר־</w>
        <w>יֻסַּ֥ד</w>
        <w>הֵֽיכַל־</w>
        <w>יְהוָ֖ה</w>
        <w>שִׂ֥ימוּ</w>
        <w>לְבַבְכֶֽם׃</w>
      </v>
      <v n="19">
        <w>הַע֤וֹד</w>
        <w>הַזֶּ֙רַע֙</w>
        <w>בַּמְּגוּרָ֔ה</w>
        <w>וְעַד־</w>
        <w>הַגֶּ֨פֶן</w>
        <w>וְהַתְּאֵנָ֧ה</w>
        <w>וְהָרִמּ֛וֹן</w>
        <w>וְעֵ֥ץ</w>
        <w>הַזַּ֖יִת</w>
        <w>לֹ֣א</w>
        <w>נָשָׂ֑א</w>
        <w>מִן־</w>
        <w>הַיּ֥וֹם</w>
        <w>הַזֶּ֖ה</w>
        <w>אֲבָרֵֽךְ׃</w>
        <samekh/>
      </v>
      <v n="20">
        <w>וַיְהִ֨י</w>
        <w>דְבַר־</w>
        <w>יְהוָ֤ה ׀</w>
        <w>שֵׁנִית֙</w>
        <w>אֶל־</w>
        <w>חַגַּ֔י</w>
        <w>בְּעֶשְׂרִ֧ים</w>
        <w>וְאַרְבָּעָ֛ה</w>
        <w>לַחֹ֖דֶשׁ</w>
        <w>לֵאמֹֽר׃</w>
      </v>
      <v n="21">
        <w>אֱמֹ֕ר</w>
        <w>אֶל־</w>
        <w>זְרֻבָּבֶ֥ל</w>
        <w>פַּֽחַת־</w>
        <w>יְהוּדָ֖ה</w>
        <w>לֵאמֹ֑ר</w>
        <w>אֲנִ֣י</w>
        <w>מַרְעִ֔ישׁ</w>
        <w>אֶת־</w>
        <w>הַשָּׁמַ֖יִם</w>
        <w>וְאֶת־</w>
        <w>הָאָֽרֶץ׃</w>
      </v>
      <v n="22">
        <w>וְהָֽפַכְתִּי֙</w>
        <w>כִּסֵּ֣א</w>
        <w>מַמְלָכ֔וֹת</w>
        <w>וְהִ֨שְׁמַדְתִּ֔י</w>
        <w>חֹ֖זֶק</w>
        <w>מַמְלְכ֣וֹת</w>
        <w>הַגּוֹיִ֑ם</w>
        <w>וְהָפַכְתִּ֤י</w>
        <w>מֶרְכָּבָה֙</w>
        <w>וְרֹ֣כְבֶ֔יהָ</w>
        <w>וְיָרְד֤וּ</w>
        <w>סוּסִים֙</w>
        <w>וְרֹ֣כְבֵיהֶ֔ם</w>
        <w>אִ֖ישׁ</w>
        <w>בְּחֶ֥רֶב</w>
        <w>אָחִֽיו׃</w>
      </v>
      <v n="23">
        <w>בַּיּ֣וֹם</w>
        <w>הַה֣וּא</w>
        <w>נְאֻם־</w>
        <w>יְהוָ֣ה</w>
        <w>צְבָא֡וֹת</w>
        <w>אֶ֠קָּחֲךָ</w>
        <w>זְרֻבָּבֶ֨ל</w>
        <w>בֶּן־</w>
        <w>שְׁאַלְתִּיאֵ֤ל</w>
        <w>עַבְדִּי֙</w>
        <w>נְאֻם־</w>
        <w>יְהוָ֔ה</w>
        <w>וְשַׂמְתִּ֖יךָ</w>
        <w>כַּֽחוֹתָ֑ם</w>
        <w>כִּֽי־</w>
        <w>בְךָ֣</w>
        <w>בָחַ֔רְתִּי</w>
        <w>נְאֻ֖ם</w>
        <w>יְהוָ֥ה</w>
        <w>צְבָאֽוֹת׃</w>
      </v>
      <vs>23</vs>
    </c>
    <vs>38</vs>
    <cs>2</cs>
  </book>
</tanach>
<notes>
  <note>
    <code>4</code>
    <gccode>4</gccode>
    <note>Puncta extraordinaria -- an x05c4 is used to mark such marks in the text when they are above the line and an x05c5 when they are below the line. </note>
  </note>
  <note>
    <code>5</code>
    <gccode>5</gccode>
    <note>Large letter(s). Shown as large letters.</note>
  </note>
  <note>
    <code>6</code>
    <gccode>6</gccode>
    <note>Small letter(s). Shown as small letters.</note>
  </note>
  <note>
    <code>7</code>
    <gccode>7</gccode>
    <note>Suspended letter(s). Shown as suspended letters.</note>
  </note>
  <note>
    <code>8</code>
    <gccode>8</gccode>
    <note>Inverted nun in the text.</note>
  </note>
  <note>
    <code>c</code>
    <gccode>c</gccode>
    <note>Text is correct relative to LC. Usually this marks a peculiarity of the LC relative to the other Masoretic texts.</note>
  </note>
  <note>
    <code>d</code>
    <gccode>d</gccode>
    <note>This tipeha is a dehi in other texts.</note>
  </note>
  <note>
    <code>m</code>
    <gccode>m</gccode>
    <note>This meteg is a merkha in other texts.</note>
  </note>
  <note>
    <code>t</code>
    <gccode>t</gccode>
    <note>Transcription uncertain. Examine the LC image for other possible readings.</note>
  </note>
  <note>
    <code>X</code>
    <gccode>X</gccode>
    <note>This verse does NOT occur in the Leningrad Codex. Included for continuity of verse numbering.</note>
  </note>
</notes>
</Tanach>
