<book>
<book-name>ΙΩΑΝΝΟΥ Β</book-name>

<verse>2 John 1:3</verse>
<note>3 παρὰ WH Treg NA28 ] + κυρίου RP</note>

<verse>2 John 1:5</verse>
<note>5 καινὴν γράφων σοι Treg NA27 ] γράφων σοι καινὴν WH NA28 RP</note>

<verse>2 John 1:6</verse>
<note>6 ἡ ἐντολή ἐστιν WH Treg NA28 ] ἐστιν ἡ ἐντολή RP</note>

<verse>2 John 1:7</verse>
<note>7 ἐξῆλθον WH Treg NA28 ] εἰσῆλθόν RP</note>

<verse>2 John 1:8</verse>
<note>8 ἀπολέσητε WH Treg NA28 ] ἀπολέσωμεν RP </note>
<note>• εἰργασάμεθα WH RP NA28 ] εἰργάσασθε Treg NIV </note>
<note>• ἀπολάβητε WH Treg NA28 ] ἀπολάβωμεν RP</note>

<verse>2 John 1:9</verse>
<note>9 προάγων WH Treg NA28 ] παραβαίνων RP </note>
<note>• διδαχῇ WH Treg NA28 ] + τοῦ Χριστοῦ RP</note>

<verse>2 John 1:11</verse>
<note>11 λέγων γὰρ WH Treg NA28 ] γὰρ λέγων RP</note>

<verse>2 John 1:12</verse>
<note>12 γενέσθαι WH Treg NA28 ] ἐλθεῖν RP </note>
<note>• ὑμῶν WH Treg ] ἡμῶν NA28 RP </note>
<note>• πεπληρωμένη ᾖ WH NA27 ] ᾖ πεπληρωμένη Treg NA28 RP</note>

<verse>2 John 1:13</verse>
<note>13 ἐκλεκτῆς WH Treg NA28 ] + Ἀμήν RP</note>
</book>
