<book>
<book-name>ΠΡΟΣ ΦΙΛΙΠΠΗΣΙΟΥΣ</book-name>

<verse>Philippians 1:1</verse>
<note>1:1 Χριστοῦ Ἰησοῦ WH Treg NA28 ] Ἰησοῦ Χριστοῦ RP</note>

<verse>Philippians 1:5</verse>
<note>5 τῆς WH Treg NA28 ] – RP</note>

<verse>Philippians 1:6</verse>
<note>6 Χριστοῦ Ἰησοῦ Treg NA28 RP ] Ἰησοῦ Χριστοῦ WH</note>

<verse>Philippians 1:8</verse>
<note>8 μου WH Treg NA28 ] + ἐστιν RP </note>
<note>• Χριστοῦ Ἰησοῦ WH Treg NA28 ] Ἰησοῦ Χριστοῦ RP</note>

<verse>Philippians 1:11</verse>
<note>11 καρπὸν δικαιοσύνης τὸν WH Treg NA28 ] καρπῶν δικαιοσύνης τῶν RP</note>

<verse>Philippians 1:14</verse>
<note>14 λόγον RP NA28 ] + τοῦ θεοῦ WH Treg NIV</note>

<verse>Philippians 1:16</verse>
<note>16–17 ἀγάπης … κεῖμαι WH Treg NA28 ] ἐριθείας τὸν Χριστὸν καταγγέλλουσιν, οὐχ ἁγνῶς, οἰόμενοι θλῖψιν ἐπιφέρειν τοῖς δεσμοῖς μου RP </note>
<note>• ἐριθείας … δεσμοῖς μου WH Treg NA28 ] ἀγάπης, εἰδότες ὅτι εἰς ἀπολογίαν τοῦ εὐαγγελίου κεῖμαι RP</note>

<verse>Philippians 1:18</verse>
<note>18 ὅτι WH Treg NA28 ] – RP</note>

<verse>Philippians 1:23</verse>
<note>23 γὰρ WH Treg NA28 ] – RP</note>

<verse>Philippians 1:24</verse>
<note>24 ἐν Treg NA28 RP ] – WH</note>

<verse>Philippians 1:25</verse>
<note>25 παραμενῶ WH Treg NA28 ] συμπαραμενῶ RP</note>

<verse>Philippians 1:27</verse>
<note>27 ἀκούω WH Treg NA28 ] ἀκούσω RP</note>

<verse>Philippians 1:28</verse>
<note>28 ἐστὶν αὐτοῖς WH Treg NA28 ] αὐτοῖς μέν ἐστιν RP </note>
<note>• ὑμῶν WH Treg NA28 ] ὑμῖν RP</note>

<verse>Philippians 2:3</verse>
<note>2:3 μηδὲ κατὰ WH Treg NA28 ] ἢ RP</note>

<verse>Philippians 2:4</verse>
<note>4 ⸀ἕκαστοι WH Treg ] ἕκαστος NA28 RP </note>
<note>• σκοποῦντες WH Treg NA28 ] σκοπεῖτε RP </note>
<note>• ⸁ἕκαστοι WH Treg NA28 ] ἕκαστος RP</note>

<verse>Philippians 2:5</verse>
<note>5 φρονεῖτε WH Treg NA28 ] γὰρ φρονείσθω RP</note>

<verse>Philippians 2:9</verse>
<note>9 τὸ WH Treg NA28 ] – RP</note>

<verse>Philippians 2:13</verse>
<note>13 θεὸς WH Treg NA28 ] ὁ θεὸς RP</note>

<verse>Philippians 2:15</verse>
<note>15 ἄμωμα μέσον WH Treg NA28 ] ἀμώμητα ἐν μέσῳ RP</note>

<verse>Philippians 2:21</verse>
<note>21 Ἰησοῦ Χριστοῦ Treg NA28 ] Χριστοῦ Ἰησοῦ WH RP</note>

<verse>Philippians 2:26</verse>
<note>26 ὑμᾶς Treg NA28 RP ] + ἰδεῖν WH</note>

<verse>Philippians 2:27</verse>
<note>27 θανάτῳ Treg NA28 RP ] θανάτου WH </note>
<note>• ἠλέησεν αὐτόν WH Treg NA28 ] αὐτόν ἠλέησεν RP</note>

<verse>Philippians 2:30</verse>
<note>30 Χριστοῦ Treg NA28 ] Κυρίου WH; τοῦ Χριστοῦ RP </note>
<note>• παραβολευσάμενος WH Treg NA28 ] παραβουλευσάμενος RP</note>

<verse>Philippians 3:6</verse>
<note>3:6 ζῆλος WH Treg NA28 ] ζῆλον RP</note>

<verse>Philippians 3:8</verse>
<note>8 μενοῦνγε WH NA28 ] μέν οὖν Treg RP </note>
<note>• σκύβαλα WH Treg NA28 ] + εἶναι RP</note>

<verse>Philippians 3:10</verse>
<note>10 κοινωνίαν WH Treg ] τὴν κοινωνίαν τῶν NA28 RP </note>
<note>• συμμορφιζόμενος WH Treg NA28 ] συμμορφούμενος RP</note>

<verse>Philippians 3:11</verse>
<note>11 τὴν ἐκ WH Treg NA28 ] τῶν RP</note>

<verse>Philippians 3:12</verse>
<note>12 Χριστοῦ Treg ] Χριστοῦ Ἰησοῦ WH NA28; τοῦ Χριστοῦ Ἰησοῦ RP</note>

<verse>Philippians 3:13</verse>
<note>13 οὐ Treg RP NA28 ] οὔπω WH NIV</note>

<verse>Philippians 3:14</verse>
<note>14 εἰς WH Treg NA28 ] ἐπὶ RP</note>

<verse>Philippians 3:16</verse>
<note>16 στοιχεῖν WH Treg NA28 ] + κανόνι τὸ ἀυτὸ φρονεῖν RP</note>

<verse>Philippians 3:21</verse>
<note>21 ἡμῶν WH Treg NA28 ] + εἰς τὸ γενέσθαι αὐτὸ RP </note>
<note>• αὑτῷ WH ] αὐτῷ Treg NA28; ἑαυτῷ RP</note>

<verse>Philippians 4:3</verse>
<note>4:3 γνήσιε σύζυγε WH Treg NA28 ] σύζυγε γνήσιε RP</note>

<verse>Philippians 4:13</verse>
<note>13 με WH Treg NA28 ] + Χριστῷ RP</note>

<verse>Philippians 4:19</verse>
<note>19 τὸ πλοῦτος WH Treg NA28 ] τὸν πλοῦτον RP</note>

<verse>Philippians 4:23</verse>
<note>23 τοῦ πνεύματος WH Treg NA28 ] πάντων RP </note>
<note>• ὑμῶν WH Treg NA28 ] + Ἀμην RP</note>
</book>
